path,category
F:\Sandy_data\AI segemetation work\Sts_grain morphology_ML\Relevant files\0,keep
F:\Sandy_data\AI segemetation work\Sts_grain morphology_ML\Relevant files\01_add_timestamps.py,keep
F:\Sandy_data\AI segemetation work\Sts_grain morphology_ML\Relevant files\01_video_to_frames.py,keep
F:\Sandy_data\AI segemetation work\Sts_grain morphology_ML\Relevant files\02_segment_classical.py,keep
F:\Sandy_data\AI segemetation work\Sts_grain morphology_ML\Relevant files\02_segment_SAM_zero_shot.py,keep
F:\Sandy_data\AI segemetation work\Sts_grain morphology_ML\Relevant files\03_kinetics_analysis.py,keep
F:\Sandy_data\AI segemetation work\Sts_grain morphology_ML\Relevant files\03_track_spherulites.py,keep
F:\Sandy_data\AI segemetation work\Sts_grain morphology_ML\Relevant files\04_track_cells.py,keep
F:\Sandy_data\AI segemetation work\Sts_grain morphology_ML\Relevant files\04_track_cells_filtered.py,keep
F:\Sandy_data\AI segemetation work\Sts_grain morphology_ML\Relevant files\04_track_spherulites.py,keep
F:\Sandy_data\AI segemetation work\Sts_grain morphology_ML\Relevant files\260508aa-0b0b-4d3d-834c-cbda94cea174.png,keep
F:\Sandy_data\AI segemetation work\Sts_grain morphology_ML\Relevant files\A3P_Paper (23).pdf,keep
F:\Sandy_data\AI segemetation work\Sts_grain morphology_ML\Relevant files\anisotropy_from_json_nucleation.py,keep
F:\Sandy_data\AI segemetation work\Sts_grain morphology_ML\Relevant files\anisotropy_merged_circularity_distortion_hist.png,keep
F:\Sandy_data\AI segemetation work\Sts_grain morphology_ML\Relevant files\anisotropy_merged_FAPITEMPO_merged.csv,keep
F:\Sandy_data\AI segemetation work\Sts_grain morphology_ML\Relevant files\anisotropy_merged_FAPI_merged.csv,keep
F:\Sandy_data\AI segemetation work\Sts_grain morphology_ML\Relevant files\anisotropy_merged_polar_avg_cartesian.png,keep
F:\Sandy_data\AI segemetation work\Sts_grain morphology_ML\Relevant files\anisotropy_merged_polar_avg_rose.png,keep
F:\Sandy_data\AI segemetation work\Sts_grain morphology_ML\Relevant files\anisotropy_out_A_polar_hist.png,keep
F:\Sandy_data\AI segemetation work\Sts_grain morphology_ML\Relevant files\anisotropy_out_FAPITEMPO_anisotropy_per_grain.csv,keep
F:\Sandy_data\AI segemetation work\Sts_grain morphology_ML\Relevant files\anisotropy_out_FAPITEMPO_polar_profile.csv,keep
F:\Sandy_data\AI segemetation work\Sts_grain morphology_ML\Relevant files\anisotropy_out_FAPI_anisotropy_per_grain.csv,keep
F:\Sandy_data\AI segemetation work\Sts_grain morphology_ML\Relevant files\anisotropy_out_FAPI_polar_profile.csv,keep
F:\Sandy_data\AI segemetation work\Sts_grain morphology_ML\Relevant files\anisotropy_out_polar_avg_cartesian.png,keep
F:\Sandy_data\AI segemetation work\Sts_grain morphology_ML\Relevant files\anisotropy_out_polar_avg_rose.png,keep
F:\Sandy_data\AI segemetation work\Sts_grain morphology_ML\Relevant files\annular_entropy_violin.png,keep
F:\Sandy_data\AI segemetation work\Sts_grain morphology_ML\Relevant files\apply_idmap_to_jsons.py,keep
F:\Sandy_data\AI segemetation work\Sts_grain morphology_ML\Relevant files\apply_nucleation_fits.py,keep
F:\Sandy_data\AI segemetation work\Sts_grain morphology_ML\Relevant files\assumed_windows.csv,keep
F:\Sandy_data\AI segemetation work\Sts_grain morphology_ML\Relevant files\augment_objects_for_SI.py,keep
F:\Sandy_data\AI segemetation work\Sts_grain morphology_ML\Relevant files\avrami_burst_and_local.py,keep
F:\Sandy_data\AI segemetation work\Sts_grain morphology_ML\Relevant files\avrami_fit.py,keep
F:\Sandy_data\AI segemetation work\Sts_grain morphology_ML\Relevant files\build_checkpoint_manifest.py,keep
F:\Sandy_data\AI segemetation work\Sts_grain morphology_ML\Relevant files\build_fapi_kinetics_from_retrack.py,keep
F:\Sandy_data\AI segemetation work\Sts_grain morphology_ML\Relevant files\build_per_frame_tracks_from_pngs.py,keep
F:\Sandy_data\AI segemetation work\Sts_grain morphology_ML\Relevant files\build_recover_tempo_tau_fits.py,keep
F:\Sandy_data\AI segemetation work\Sts_grain morphology_ML\Relevant files\build_tracks_from_idmap_jsons.py,keep
F:\Sandy_data\AI segemetation work\Sts_grain morphology_ML\Relevant files\build_tracks_from_sequence.py,keep
F:\Sandy_data\AI segemetation work\Sts_grain morphology_ML\Relevant files\build_v_eff_merge_and_plots.py,keep
F:\Sandy_data\AI segemetation work\Sts_grain morphology_ML\Relevant files\burst_metrics.csv,keep
F:\Sandy_data\AI segemetation work\Sts_grain morphology_ML\Relevant files\clean_coco_jsons.py,keep
F:\Sandy_data\AI segemetation work\Sts_grain morphology_ML\Relevant files\coco_compare_anyloader.py,keep
F:\Sandy_data\AI segemetation work\Sts_grain morphology_ML\Relevant files\coco_compare_FAPI_vs_TEMPO.py,keep
F:\Sandy_data\AI segemetation work\Sts_grain morphology_ML\Relevant files\coco_compare_FAPI_vs_TEMPO_backcalc.py,keep
F:\Sandy_data\AI segemetation work\Sts_grain morphology_ML\Relevant files\coco_compare_two_sets.py,keep
F:\Sandy_data\AI segemetation work\Sts_grain morphology_ML\Relevant files\coco_nucleation_growth.py,keep
F:\Sandy_data\AI segemetation work\Sts_grain morphology_ML\Relevant files\coco_nucleation_growth_anisotropy.py,keep
F:\Sandy_data\AI segemetation work\Sts_grain morphology_ML\Relevant files\compare_fapi_vs_fapi_tempo.py,keep
F:\Sandy_data\AI segemetation work\Sts_grain morphology_ML\Relevant files\compare_fapi_vs_fapi_tempo_final_panels.py,keep
F:\Sandy_data\AI segemetation work\Sts_grain morphology_ML\Relevant files\compare_fapi_vs_fapi_tempo_win60_calibrated.py,keep
F:\Sandy_data\AI segemetation work\Sts_grain morphology_ML\Relevant files\compare_FAPI_vs_TEMPO_full.py,keep
F:\Sandy_data\AI segemetation work\Sts_grain morphology_ML\Relevant files\compare_FAPI_vs_TEMPO_win60.py,keep
F:\Sandy_data\AI segemetation work\Sts_grain morphology_ML\Relevant files\compare_kinetics_px.py,keep
F:\Sandy_data\AI segemetation work\Sts_grain morphology_ML\Relevant files\compare_kinetics_um_from_png_sequences.py,keep
F:\Sandy_data\AI segemetation work\Sts_grain morphology_ML\Relevant files\compare_SI_combined.py,keep
F:\Sandy_data\AI segemetation work\Sts_grain morphology_ML\Relevant files\compare_SI_FAPI_vs_TEMPO.py,keep
F:\Sandy_data\AI segemetation work\Sts_grain morphology_ML\Relevant files\compare_SI_from_json.py,keep
F:\Sandy_data\AI segemetation work\Sts_grain morphology_ML\Relevant files\compare_SI_from_json_generalKinetics.py,keep
F:\Sandy_data\AI segemetation work\Sts_grain morphology_ML\Relevant files\compare_SI_from_json_Kfit.py,keep
F:\Sandy_data\AI segemetation work\Sts_grain morphology_ML\Relevant files\compare_SI_from_json_Kfit_fixedn.py,keep
F:\Sandy_data\AI segemetation work\Sts_grain morphology_ML\Relevant files\compare_SI_from_json_Knfit.py,keep
F:\Sandy_data\AI segemetation work\Sts_grain morphology_ML\Relevant files\compare_SI_from_json_KXinf_fixedn.py,keep
F:\Sandy_data\AI segemetation work\Sts_grain morphology_ML\Relevant files\compare_SI_from_json_K_AvramiCoords_fixedn.py,keep
F:\Sandy_data\AI segemetation work\Sts_grain morphology_ML\Relevant files\compare_SI_from_json_penalties.py,keep
F:\Sandy_data\AI segemetation work\Sts_grain morphology_ML\Relevant files\compare_SI_from_json_spatialImpingement.py,keep
F:\Sandy_data\AI segemetation work\Sts_grain morphology_ML\Relevant files\compare_X_and_dn_dt_SI.py,keep
F:\Sandy_data\AI segemetation work\Sts_grain morphology_ML\Relevant files\compute_A_polar_from_json.py,keep
F:\Sandy_data\AI segemetation work\Sts_grain morphology_ML\Relevant files\compute_A_polar_from_json_rle.py,keep
F:\Sandy_data\AI segemetation work\Sts_grain morphology_ML\Relevant files\compute_A_tex_one_shot.py,keep
F:\Sandy_data\AI segemetation work\Sts_grain morphology_ML\Relevant files\compute_bridge_curve_metrics.py,keep
F:\Sandy_data\AI segemetation work\Sts_grain morphology_ML\Relevant files\compute_descriptor_table_values.py,keep
F:\Sandy_data\AI segemetation work\Sts_grain morphology_ML\Relevant files\compute_G_I_SI.py,keep
F:\Sandy_data\AI segemetation work\Sts_grain morphology_ML\Relevant files\compute_local_crowding_descriptor.py,keep
F:\Sandy_data\AI segemetation work\Sts_grain morphology_ML\Relevant files\compute_local_crowding_from_json_and_merge_veff.py,keep
F:\Sandy_data\AI segemetation work\Sts_grain morphology_ML\Relevant files\compute_phase2_local_distance_fields.py,keep
F:\Sandy_data\AI segemetation work\Sts_grain morphology_ML\Relevant files\compute_si_correlations_veff.py,keep
F:\Sandy_data\AI segemetation work\Sts_grain morphology_ML\Relevant files\convert_radial_nn_px_to_um.py,keep
F:\Sandy_data\AI segemetation work\Sts_grain morphology_ML\Relevant files\create_harmonization_checkpoint_tree.py,keep
F:\Sandy_data\AI segemetation work\Sts_grain morphology_ML\Relevant files\crowding_json_based_crowding_summary.csv,keep
F:\Sandy_data\AI segemetation work\Sts_grain morphology_ML\Relevant files\crowding_json_based_v3_crowding_summary.csv,keep
F:\Sandy_data\AI segemetation work\Sts_grain morphology_ML\Relevant files\crowding_json_based_v3_veff_vs_impingement_index.png,keep
F:\Sandy_data\AI segemetation work\Sts_grain morphology_ML\Relevant files\crowding_json_based_v3_veff_vs_nn_distance.png,keep
F:\Sandy_data\AI segemetation work\Sts_grain morphology_ML\Relevant files\crowding_json_based_veff_vs_impingement_index.png,keep
F:\Sandy_data\AI segemetation work\Sts_grain morphology_ML\Relevant files\crowding_json_based_veff_vs_nn_distance.png,keep
F:\Sandy_data\AI segemetation work\Sts_grain morphology_ML\Relevant files\crystal_metrics 1.csv,keep
F:\Sandy_data\AI segemetation work\Sts_grain morphology_ML\Relevant files\crystal_metrics_fapi_tempo.csv,keep
F:\Sandy_data\AI segemetation work\Sts_grain morphology_ML\Relevant files\crystal_segmentation.py,keep
F:\Sandy_data\AI segemetation work\Sts_grain morphology_ML\Relevant files\decoupled_dn_dt.png,keep
F:\Sandy_data\AI segemetation work\Sts_grain morphology_ML\Relevant files\decoupled_dn_dt_proxy.csv,keep
F:\Sandy_data\AI segemetation work\Sts_grain morphology_ML\Relevant files\decoupled_growth_proxy.csv,keep
F:\Sandy_data\AI segemetation work\Sts_grain morphology_ML\Relevant files\decoupled_growth_rate.png,keep
F:\Sandy_data\AI segemetation work\Sts_grain morphology_ML\Relevant files\decouple_nucleation_growth.py,keep
F:\Sandy_data\AI segemetation work\Sts_grain morphology_ML\Relevant files\descriptor_radar_from_crystal_metrics_5D.png,keep
F:\Sandy_data\AI segemetation work\Sts_grain morphology_ML\Relevant files\descriptor_radar_from_crystal_metrics_5D.py,keep
F:\Sandy_data\AI segemetation work\Sts_grain morphology_ML\Relevant files\descriptor_radar_from_crystal_metrics_only.py,keep
F:\Sandy_data\AI segemetation work\Sts_grain morphology_ML\Relevant files\estimate_dy.py,keep
F:\Sandy_data\AI segemetation work\Sts_grain morphology_ML\Relevant files\export_SI_metrics.py,keep
F:\Sandy_data\AI segemetation work\Sts_grain morphology_ML\Relevant files\export_SI_metrics_py37.py,keep
F:\Sandy_data\AI segemetation work\Sts_grain morphology_ML\Relevant files\export_SI_metrics_rank.py,keep
F:\Sandy_data\AI segemetation work\Sts_grain morphology_ML\Relevant files\export_SI_metrics_with_K.py,keep
F:\Sandy_data\AI segemetation work\Sts_grain morphology_ML\Relevant files\extract_video_times.py,keep
F:\Sandy_data\AI segemetation work\Sts_grain morphology_ML\Relevant files\FAPI-TEMPO_FAPI_Xt_1ms.csv,keep
F:\Sandy_data\AI segemetation work\Sts_grain morphology_ML\Relevant files\FAPI-TEMPO_frame_times.csv,keep
F:\Sandy_data\AI segemetation work\Sts_grain morphology_ML\Relevant files\FAPI-TEMPO_segmented_image.jpg,keep
F:\Sandy_data\AI segemetation work\Sts_grain morphology_ML\Relevant files\FAPI_0 1.json,keep
F:\Sandy_data\AI segemetation work\Sts_grain morphology_ML\Relevant files\FAPI_0 2.json,keep
F:\Sandy_data\AI segemetation work\Sts_grain morphology_ML\Relevant files\FAPI_0 3.json,keep
F:\Sandy_data\AI segemetation work\Sts_grain morphology_ML\Relevant files\FAPI_0.json,keep
F:\Sandy_data\AI segemetation work\Sts_grain morphology_ML\Relevant files\FAPI_FAPI_Xt_1ms.csv,keep
F:\Sandy_data\AI segemetation work\Sts_grain morphology_ML\Relevant files\fapi_fits_and_plots.py,keep
F:\Sandy_data\AI segemetation work\Sts_grain morphology_ML\Relevant files\FAPI_frame_times.csv,keep
F:\Sandy_data\AI segemetation work\Sts_grain morphology_ML\Relevant files\FAPI_grain_measurements.csv,keep
F:\Sandy_data\AI segemetation work\Sts_grain morphology_ML\Relevant files\fapi_ranktime_fits.py,keep
F:\Sandy_data\AI segemetation work\Sts_grain morphology_ML\Relevant files\FAPI_segmnented.jpg,keep
F:\Sandy_data\AI segemetation work\Sts_grain morphology_ML\Relevant files\fapi_symmetric_bbox_filter_and_kinetics.py,keep
F:\Sandy_data\AI segemetation work\Sts_grain morphology_ML\Relevant files\FAPI_TEMPO_grain_measurements.csv,keep
F:\Sandy_data\AI segemetation work\Sts_grain morphology_ML\Relevant files\FAPI_TEMPO_X_t_JMAK.png,keep
F:\Sandy_data\AI segemetation work\Sts_grain morphology_ML\Relevant files\fapi_tempo_X_t_overlay.csv,keep
F:\Sandy_data\AI segemetation work\Sts_grain morphology_ML\Relevant files\FAPI_X_t_JMAK.png,keep
F:\Sandy_data\AI segemetation work\Sts_grain morphology_ML\Relevant files\fapi_X_t_overlay.csv,keep
F:\Sandy_data\AI segemetation work\Sts_grain morphology_ML\Relevant files\Figure_1.png,keep
F:\Sandy_data\AI segemetation work\Sts_grain morphology_ML\Relevant files\Figure_2.png,keep
F:\Sandy_data\AI segemetation work\Sts_grain morphology_ML\Relevant files\Figure_3.png,keep
F:\Sandy_data\AI segemetation work\Sts_grain morphology_ML\Relevant files\Figure_4.png,keep
F:\Sandy_data\AI segemetation work\Sts_grain morphology_ML\Relevant files\Figure_5.png,keep
F:\Sandy_data\AI segemetation work\Sts_grain morphology_ML\Relevant files\Figure_6.png,keep
F:\Sandy_data\AI segemetation work\Sts_grain morphology_ML\Relevant files\format_radial_panels_like_fig6i.py,keep
F:\Sandy_data\AI segemetation work\Sts_grain morphology_ML\Relevant files\frame_00460_t920.00ms_spherulite_idmap.json,keep
F:\Sandy_data\AI segemetation work\Sts_grain morphology_ML\Relevant files\full_entropy_onepanel.png,keep
F:\Sandy_data\AI segemetation work\Sts_grain morphology_ML\Relevant files\handseg_final_to_idmap.py,keep
F:\Sandy_data\AI segemetation work\Sts_grain morphology_ML\Relevant files\idmap_kinetics.py,keep
F:\Sandy_data\AI segemetation work\Sts_grain morphology_ML\Relevant files\inspect_coco_json.py,keep
F:\Sandy_data\AI segemetation work\Sts_grain morphology_ML\Relevant files\inspect_one_json.py,keep
F:\Sandy_data\AI segemetation work\Sts_grain morphology_ML\Relevant files\intragrain_radial_defect_from_listjson.py,keep
F:\Sandy_data\AI segemetation work\Sts_grain morphology_ML\Relevant files\intragrain_radial_defect_profiles.py,keep
F:\Sandy_data\AI segemetation work\Sts_grain morphology_ML\Relevant files\intragrain_radial_defect_profiles_from_folders.py,keep
F:\Sandy_data\AI segemetation work\Sts_grain morphology_ML\Relevant files\intragrain_radial_descriptors_from_listjson.py,keep
F:\Sandy_data\AI segemetation work\Sts_grain morphology_ML\Relevant files\intragrain_radial_from_images.py,keep
F:\Sandy_data\AI segemetation work\Sts_grain morphology_ML\Relevant files\intragrain_radial_from_images_clean.py,keep
F:\Sandy_data\AI segemetation work\Sts_grain morphology_ML\Relevant files\intragrain_radial_from_images_minimal.py,keep
F:\Sandy_data\AI segemetation work\Sts_grain morphology_ML\Relevant files\intragrain_radial_master.py,keep
F:\Sandy_data\AI segemetation work\Sts_grain morphology_ML\Relevant files\intragrain_radial_polar_kinetic_from_listjson.py,keep
F:\Sandy_data\AI segemetation work\Sts_grain morphology_ML\Relevant files\intragrain_radial_profiles_from_listjson.py,keep
F:\Sandy_data\AI segemetation work\Sts_grain morphology_ML\Relevant files\intragrain_radial_profiles_multi_mask.py,keep
F:\Sandy_data\AI segemetation work\Sts_grain morphology_ML\Relevant files\intragrain_radial_radial_anisotropy_profiles.png,keep
F:\Sandy_data\AI segemetation work\Sts_grain morphology_ML\Relevant files\intragrain_radial_radial_defect_fraction.png,keep
F:\Sandy_data\AI segemetation work\Sts_grain morphology_ML\Relevant files\intragrain_radial_radial_entropy_profiles.png,keep
F:\Sandy_data\AI segemetation work\Sts_grain morphology_ML\Relevant files\intragrain_radial_radial_intensity_profiles.png,keep
F:\Sandy_data\AI segemetation work\Sts_grain morphology_ML\Relevant files\intragrain_radial_radial_kinetic_heterogeneity.png,keep
F:\Sandy_data\AI segemetation work\Sts_grain morphology_ML\Relevant files\intragrain_radial_radial_polar_anisotropy.png,keep
F:\Sandy_data\AI segemetation work\Sts_grain morphology_ML\Relevant files\intragrain_radial_radial_polar_kinetic_profiles.csv,keep
F:\Sandy_data\AI segemetation work\Sts_grain morphology_ML\Relevant files\jmak_overlays.py,keep
F:\Sandy_data\AI segemetation work\Sts_grain morphology_ML\Relevant files\kinetics_from_video_tracks.py,keep
F:\Sandy_data\AI segemetation work\Sts_grain morphology_ML\Relevant files\main_morphology_transported_kinetics.png,keep
F:\Sandy_data\AI segemetation work\Sts_grain morphology_ML\Relevant files\main_video_bridge_panel.png,keep
F:\Sandy_data\AI segemetation work\Sts_grain morphology_ML\Relevant files\main_video_bridge_panel_clean.png,keep
F:\Sandy_data\AI segemetation work\Sts_grain morphology_ML\Relevant files\main_video_bridge_panel_final.png,keep
F:\Sandy_data\AI segemetation work\Sts_grain morphology_ML\Relevant files\main_video_bridge_panel_with_avrami.png,keep
F:\Sandy_data\AI segemetation work\Sts_grain morphology_ML\Relevant files\main_video_bridge_panel_with_avrami_fonts.png,keep
F:\Sandy_data\AI segemetation work\Sts_grain morphology_ML\Relevant files\make_compare_pngs.py,keep
F:\Sandy_data\AI segemetation work\Sts_grain morphology_ML\Relevant files\make_descriptor_radar.py,keep
F:\Sandy_data\AI segemetation work\Sts_grain morphology_ML\Relevant files\make_filtered_tau_and_overlay.py,keep
F:\Sandy_data\AI segemetation work\Sts_grain morphology_ML\Relevant files\make_main_video_bridge_panel.py,keep
F:\Sandy_data\AI segemetation work\Sts_grain morphology_ML\Relevant files\make_main_video_bridge_panel_clean.py,keep
F:\Sandy_data\AI segemetation work\Sts_grain morphology_ML\Relevant files\make_main_video_bridge_panel_final.py,keep
F:\Sandy_data\AI segemetation work\Sts_grain morphology_ML\Relevant files\make_main_video_bridge_panel_with_avrami.py,keep
F:\Sandy_data\AI segemetation work\Sts_grain morphology_ML\Relevant files\make_main_video_bridge_panel_with_avrami_fonts.py,keep
F:\Sandy_data\AI segemetation work\Sts_grain morphology_ML\Relevant files\make_method_docx.py,keep
F:\Sandy_data\AI segemetation work\Sts_grain morphology_ML\Relevant files\make_video_with_scalebar_and_time.py,keep
F:\Sandy_data\AI segemetation work\Sts_grain morphology_ML\Relevant files\merge_anisotropy_and_metrics.py,keep
F:\Sandy_data\AI segemetation work\Sts_grain morphology_ML\Relevant files\metrics_burst_metrics.csv,keep
F:\Sandy_data\AI segemetation work\Sts_grain morphology_ML\Relevant files\metrics_burst_metrics_dndt_FAPI.png,keep
F:\Sandy_data\AI segemetation work\Sts_grain morphology_ML\Relevant files\metrics_burst_metrics_dndt_FAPI_TEMPO.png,keep
F:\Sandy_data\AI segemetation work\Sts_grain morphology_ML\Relevant files\metrics_burst_metrics_dXdt_FAPI.png,keep
F:\Sandy_data\AI segemetation work\Sts_grain morphology_ML\Relevant files\metrics_burst_metrics_dXdt_FAPI_TEMPO.png,keep
F:\Sandy_data\AI segemetation work\Sts_grain morphology_ML\Relevant files\metrics_burst_metrics_FAPI_dndt.png,keep
F:\Sandy_data\AI segemetation work\Sts_grain morphology_ML\Relevant files\metrics_burst_metrics_FAPI_dXdt.png,keep
F:\Sandy_data\AI segemetation work\Sts_grain morphology_ML\Relevant files\metrics_burst_metrics_FAPI_TEMPO_dndt.png,keep
F:\Sandy_data\AI segemetation work\Sts_grain morphology_ML\Relevant files\metrics_burst_metrics_FAPI_TEMPO_dXdt.png,keep
F:\Sandy_data\AI segemetation work\Sts_grain morphology_ML\Relevant files\metrics_burst_metrics_FAPI_TEMPO_X.png,keep
F:\Sandy_data\AI segemetation work\Sts_grain morphology_ML\Relevant files\metrics_burst_metrics_FAPI_X.png,keep
F:\Sandy_data\AI segemetation work\Sts_grain morphology_ML\Relevant files\metrics_burst_metrics_X_FAPI.png,keep
F:\Sandy_data\AI segemetation work\Sts_grain morphology_ML\Relevant files\metrics_burst_metrics_X_FAPI_TEMPO.png,keep
F:\Sandy_data\AI segemetation work\Sts_grain morphology_ML\Relevant files\metrics_dndt_FAPI.png,keep
F:\Sandy_data\AI segemetation work\Sts_grain morphology_ML\Relevant files\metrics_dndt_FAPI_TEMPO.png,keep
F:\Sandy_data\AI segemetation work\Sts_grain morphology_ML\Relevant files\metrics_dXdt_FAPI.png,keep
F:\Sandy_data\AI segemetation work\Sts_grain morphology_ML\Relevant files\metrics_dXdt_FAPI_TEMPO.png,keep
F:\Sandy_data\AI segemetation work\Sts_grain morphology_ML\Relevant files\metrics_metrics_dndt_FAPI.png,keep
F:\Sandy_data\AI segemetation work\Sts_grain morphology_ML\Relevant files\metrics_metrics_dndt_FAPI_TEMPO.png,keep
F:\Sandy_data\AI segemetation work\Sts_grain morphology_ML\Relevant files\metrics_metrics_dXdt_FAPI.png,keep
F:\Sandy_data\AI segemetation work\Sts_grain morphology_ML\Relevant files\metrics_metrics_dXdt_FAPI_TEMPO.png,keep
F:\Sandy_data\AI segemetation work\Sts_grain morphology_ML\Relevant files\metrics_metrics_X_FAPI.png,keep
F:\Sandy_data\AI segemetation work\Sts_grain morphology_ML\Relevant files\metrics_metrics_X_FAPI_TEMPO.png,keep
F:\Sandy_data\AI segemetation work\Sts_grain morphology_ML\Relevant files\metrics_X_FAPI.png,keep
F:\Sandy_data\AI segemetation work\Sts_grain morphology_ML\Relevant files\metrics_X_FAPI_TEMPO.png,keep
F:\Sandy_data\AI segemetation work\Sts_grain morphology_ML\Relevant files\morpho_kinetics_correlations_v2.py,keep
F:\Sandy_data\AI segemetation work\Sts_grain morphology_ML\Relevant files\morpho_kinetics_from_cm.py,keep
F:\Sandy_data\AI segemetation work\Sts_grain morphology_ML\Relevant files\morpho_kinetics_from_cm_FAPITEMPO_with_veff.csv,keep
F:\Sandy_data\AI segemetation work\Sts_grain morphology_ML\Relevant files\morpho_kinetics_from_cm_FAPI_with_veff.csv,keep
F:\Sandy_data\AI segemetation work\Sts_grain morphology_ML\Relevant files\morpho_kinetics_from_cm_full_FAPITEMPO_with_veff.csv,keep
F:\Sandy_data\AI segemetation work\Sts_grain morphology_ML\Relevant files\morpho_kinetics_from_cm_full_FAPI_with_veff.csv,keep
F:\Sandy_data\AI segemetation work\Sts_grain morphology_ML\Relevant files\morpho_kinetics_from_cm_full_veff_vs_circ_dist.png,keep
F:\Sandy_data\AI segemetation work\Sts_grain morphology_ML\Relevant files\morpho_kinetics_from_cm_full_veff_vs_defect_fraction.png,keep
F:\Sandy_data\AI segemetation work\Sts_grain morphology_ML\Relevant files\morpho_kinetics_from_cm_full_veff_vs_entropy.png,keep
F:\Sandy_data\AI segemetation work\Sts_grain morphology_ML\Relevant files\morpho_kinetics_from_cm_veff_vs_circ_dist.png,keep
F:\Sandy_data\AI segemetation work\Sts_grain morphology_ML\Relevant files\morpho_kinetics_from_cm_veff_vs_defect_fraction.png,keep
F:\Sandy_data\AI segemetation work\Sts_grain morphology_ML\Relevant files\morpho_kinetics_from_cm_veff_vs_entropy.png,keep
F:\Sandy_data\AI segemetation work\Sts_grain morphology_ML\Relevant files\morpho_kinetics_from_crystal_metrics.py,keep
F:\Sandy_data\AI segemetation work\Sts_grain morphology_ML\Relevant files\nucleation_growth_decoupled_with_jmak.py,keep
F:\Sandy_data\AI segemetation work\Sts_grain morphology_ML\Relevant files\nucleation_growth_nakamura.py,keep
F:\Sandy_data\AI segemetation work\Sts_grain morphology_ML\Relevant files\nucleation_tracking_fapi_tempo.py,keep
F:\Sandy_data\AI segemetation work\Sts_grain morphology_ML\Relevant files\paired_delta_entropy.png,keep
F:\Sandy_data\AI segemetation work\Sts_grain morphology_ML\Relevant files\paired_entropy_analysis.py,keep
F:\Sandy_data\AI segemetation work\Sts_grain morphology_ML\Relevant files\paired_entropy_deltas.csv,keep
F:\Sandy_data\AI segemetation work\Sts_grain morphology_ML\Relevant files\paired_entropy_stats.csv,keep
F:\Sandy_data\AI segemetation work\Sts_grain morphology_ML\Relevant files\patch_jsons_from_csv.py,keep
F:\Sandy_data\AI segemetation work\Sts_grain morphology_ML\Relevant files\per_grain_morpho_kinetics_FAPITEMPO_kinetics_only.csv,keep
F:\Sandy_data\AI segemetation work\Sts_grain morphology_ML\Relevant files\per_grain_morpho_kinetics_FAPITEMPO_morpho_kinetics_merged.csv,keep
F:\Sandy_data\AI segemetation work\Sts_grain morphology_ML\Relevant files\per_grain_morpho_kinetics_FAPI_kinetics_only.csv,keep
F:\Sandy_data\AI segemetation work\Sts_grain morphology_ML\Relevant files\per_grain_morpho_kinetics_FAPI_morpho_kinetics_merged.csv,keep
F:\Sandy_data\AI segemetation work\Sts_grain morphology_ML\Relevant files\per_grain_morpho_kinetics_veff_vs_circ_dist.png,keep
F:\Sandy_data\AI segemetation work\Sts_grain morphology_ML\Relevant files\per_grain_morpho_kinetics_veff_vs_defect_fraction.png,keep
F:\Sandy_data\AI segemetation work\Sts_grain morphology_ML\Relevant files\per_grain_morpho_kinetics_veff_vs_entropy.png,keep
F:\Sandy_data\AI segemetation work\Sts_grain morphology_ML\Relevant files\per_sample_nucleation_summary.csv,keep
F:\Sandy_data\AI segemetation work\Sts_grain morphology_ML\Relevant files\plot_annular_entropy_violin.py,keep
F:\Sandy_data\AI segemetation work\Sts_grain morphology_ML\Relevant files\plot_annular_entropy_violin_seaborn.py,keep
F:\Sandy_data\AI segemetation work\Sts_grain morphology_ML\Relevant files\plot_canonical_grain.py,keep
F:\Sandy_data\AI segemetation work\Sts_grain morphology_ML\Relevant files\plot_combined_X_and_growth.py,keep
F:\Sandy_data\AI segemetation work\Sts_grain morphology_ML\Relevant files\plot_crystal_metrics_violins.py,keep
F:\Sandy_data\AI segemetation work\Sts_grain morphology_ML\Relevant files\plot_dn_dt_small.py,keep
F:\Sandy_data\AI segemetation work\Sts_grain morphology_ML\Relevant files\plot_full_entropy_from_radial_csv.py,keep
F:\Sandy_data\AI segemetation work\Sts_grain morphology_ML\Relevant files\plot_full_entropy_onepanel.py,keep
F:\Sandy_data\AI segemetation work\Sts_grain morphology_ML\Relevant files\plot_large_dataset_veff_correlations.py,keep
F:\Sandy_data\AI segemetation work\Sts_grain morphology_ML\Relevant files\plot_main_morphology_transported_kinetics.py,keep
F:\Sandy_data\AI segemetation work\Sts_grain morphology_ML\Relevant files\plot_morphology_transported_kinetics.py,keep
F:\Sandy_data\AI segemetation work\Sts_grain morphology_ML\Relevant files\plot_radial_kinetic_heterogeneity_band_only.py,keep
F:\Sandy_data\AI segemetation work\Sts_grain morphology_ML\Relevant files\plot_radial_kinetic_heterogeneity_with_band.py,keep
F:\Sandy_data\AI segemetation work\Sts_grain morphology_ML\Relevant files\plot_radial_profiles_pubstyle.py,keep
F:\Sandy_data\AI segemetation work\Sts_grain morphology_ML\Relevant files\plot_SI_comparisons.py,keep
F:\Sandy_data\AI segemetation work\Sts_grain morphology_ML\Relevant files\plot_SI_weighting_comparisons.py,keep
F:\Sandy_data\AI segemetation work\Sts_grain morphology_ML\Relevant files\plot_transported_avrami_check.py,keep
F:\Sandy_data\AI segemetation work\Sts_grain morphology_ML\Relevant files\plot_transported_avrami_continuous.py,keep
F:\Sandy_data\AI segemetation work\Sts_grain morphology_ML\Relevant files\plot_transported_avrami_continuous_SI.py,keep
F:\Sandy_data\AI segemetation work\Sts_grain morphology_ML\Relevant files\probe_first_event_json.py,keep
F:\Sandy_data\AI segemetation work\Sts_grain morphology_ML\Relevant files\project_idmap_to_frame_jsons.py,keep
F:\Sandy_data\AI segemetation work\Sts_grain morphology_ML\Relevant files\python build_v_eff_and_merge.py,keep
F:\Sandy_data\AI segemetation work\Sts_grain morphology_ML\Relevant files\qc_after_filter.py,keep
F:\Sandy_data\AI segemetation work\Sts_grain morphology_ML\Relevant files\qc_dndt_vs_t_FAPI.png,keep
F:\Sandy_data\AI segemetation work\Sts_grain morphology_ML\Relevant files\qc_dndt_vs_t_FAPI_TEMPO.png,keep
F:\Sandy_data\AI segemetation work\Sts_grain morphology_ML\Relevant files\qc_dndt_vs_t_mixed.png,keep
F:\Sandy_data\AI segemetation work\Sts_grain morphology_ML\Relevant files\qc_dXdt_vs_t.png,keep
F:\Sandy_data\AI segemetation work\Sts_grain morphology_ML\Relevant files\qc_dXdt_vs_t_FAPI.png,keep
F:\Sandy_data\AI segemetation work\Sts_grain morphology_ML\Relevant files\qc_dXdt_vs_t_FAPI_TEMPO.png,keep
F:\Sandy_data\AI segemetation work\Sts_grain morphology_ML\Relevant files\qc_dXdt_vs_t_mixed.png,keep
F:\Sandy_data\AI segemetation work\Sts_grain morphology_ML\Relevant files\qc_empty_jsons.py,keep
F:\Sandy_data\AI segemetation work\Sts_grain morphology_ML\Relevant files\qc_extract_burst_metrics.py,keep
F:\Sandy_data\AI segemetation work\Sts_grain morphology_ML\Relevant files\qc_finalframe_stats.py,keep
F:\Sandy_data\AI segemetation work\Sts_grain morphology_ML\Relevant files\qc_first_nonempty_json.py,keep
F:\Sandy_data\AI segemetation work\Sts_grain morphology_ML\Relevant files\qc_giant_masks.py,keep
F:\Sandy_data\AI segemetation work\Sts_grain morphology_ML\Relevant files\qc_json_clean.py,keep
F:\Sandy_data\AI segemetation work\Sts_grain morphology_ML\Relevant files\qc_json_idmapped.py,keep
F:\Sandy_data\AI segemetation work\Sts_grain morphology_ML\Relevant files\qc_masks.py,keep
F:\Sandy_data\AI segemetation work\Sts_grain morphology_ML\Relevant files\qc_minbbox_sweep.py,keep
F:\Sandy_data\AI segemetation work\Sts_grain morphology_ML\Relevant files\qc_n_vs_t_FAPI.png,keep
F:\Sandy_data\AI segemetation work\Sts_grain morphology_ML\Relevant files\qc_n_vs_t_FAPI_TEMPO.png,keep
F:\Sandy_data\AI segemetation work\Sts_grain morphology_ML\Relevant files\qc_n_vs_t_mixed.png,keep
F:\Sandy_data\AI segemetation work\Sts_grain morphology_ML\Relevant files\qc_one_json.py,keep
F:\Sandy_data\AI segemetation work\Sts_grain morphology_ML\Relevant files\qc_overlap.py,keep
F:\Sandy_data\AI segemetation work\Sts_grain morphology_ML\Relevant files\qc_plot_counts.py,keep
F:\Sandy_data\AI segemetation work\Sts_grain morphology_ML\Relevant files\qc_plot_dndt.py,keep
F:\Sandy_data\AI segemetation work\Sts_grain morphology_ML\Relevant files\qc_plot_X_and_dXdt.py,keep
F:\Sandy_data\AI segemetation work\Sts_grain morphology_ML\Relevant files\qc_tempo_early_bbox_stats.py,keep
F:\Sandy_data\AI segemetation work\Sts_grain morphology_ML\Relevant files\qc_tempo_onset_persistence.py,keep
F:\Sandy_data\AI segemetation work\Sts_grain morphology_ML\Relevant files\qc_X_vs_t.png,keep
F:\Sandy_data\AI segemetation work\Sts_grain morphology_ML\Relevant files\qc_X_vs_t_FAPI.png,keep
F:\Sandy_data\AI segemetation work\Sts_grain morphology_ML\Relevant files\qc_X_vs_t_FAPI_TEMPO.png,keep
F:\Sandy_data\AI segemetation work\Sts_grain morphology_ML\Relevant files\qc_X_vs_t_mixed.png,keep
F:\Sandy_data\AI segemetation work\Sts_grain morphology_ML\Relevant files\quantify_radial_profiles.py,keep
F:\Sandy_data\AI segemetation work\Sts_grain morphology_ML\Relevant files\Radial kintecis.png,keep
F:\Sandy_data\AI segemetation work\Sts_grain morphology_ML\Relevant files\radial_crowding_profiles_from_json.py,keep
F:\Sandy_data\AI segemetation work\Sts_grain morphology_ML\Relevant files\radial_crowding_proxy_v1_radial_crowding_profiles.csv,keep
F:\Sandy_data\AI segemetation work\Sts_grain morphology_ML\Relevant files\radial_crowding_proxy_v1_radial_crowding_profiles_um.csv,keep
F:\Sandy_data\AI segemetation work\Sts_grain morphology_ML\Relevant files\radial_crowding_proxy_v1_radial_crowding_qc.png,keep
F:\Sandy_data\AI segemetation work\Sts_grain morphology_ML\Relevant files\radial_crowding_proxy_v1_radial_impingement_median.png,keep
F:\Sandy_data\AI segemetation work\Sts_grain morphology_ML\Relevant files\radial_crowding_proxy_v1_radial_nn_median.png,keep
F:\Sandy_data\AI segemetation work\Sts_grain morphology_ML\Relevant files\radial_crowding_proxy_v1_radial_nn_median_um.png,keep
F:\Sandy_data\AI segemetation work\Sts_grain morphology_ML\Relevant files\radial_entropy_results.csv,keep
F:\Sandy_data\AI segemetation work\Sts_grain morphology_ML\Relevant files\radial_entropy_three_violins.png,keep
F:\Sandy_data\AI segemetation work\Sts_grain morphology_ML\Relevant files\radial_entropy_violins.png,keep
F:\Sandy_data\AI segemetation work\Sts_grain morphology_ML\Relevant files\radial_entropy_violins.py,keep
F:\Sandy_data\AI segemetation work\Sts_grain morphology_ML\Relevant files\radial_entropy_with_full_entropy.csv,keep
F:\Sandy_data\AI segemetation work\Sts_grain morphology_ML\Relevant files\radial_kinetic_from_updated_veff_radial_kinetic_heterogeneity_updated.csv,keep
F:\Sandy_data\AI segemetation work\Sts_grain morphology_ML\Relevant files\radial_kinetic_from_updated_veff_radial_kinetic_heterogeneity_updated.png,keep
F:\Sandy_data\AI segemetation work\Sts_grain morphology_ML\Relevant files\radial_kinetic_from_updated_veff_tableII_kinetic_heterogeneity_updated.csv,keep
F:\Sandy_data\AI segemetation work\Sts_grain morphology_ML\Relevant files\radial_kinetic_from_updated_veff_v2_radial_kinetic_heterogeneity_qc.png,keep
F:\Sandy_data\AI segemetation work\Sts_grain morphology_ML\Relevant files\radial_kinetic_from_updated_veff_v2_radial_kinetic_heterogeneity_updated.csv,keep
F:\Sandy_data\AI segemetation work\Sts_grain morphology_ML\Relevant files\radial_kinetic_from_updated_veff_v2_radial_kinetic_heterogeneity_updated.png,keep
F:\Sandy_data\AI segemetation work\Sts_grain morphology_ML\Relevant files\radial_kinetic_from_updated_veff_v2_tableII_kinetic_heterogeneity_updated.csv,keep
F:\Sandy_data\AI segemetation work\Sts_grain morphology_ML\Relevant files\radial_kinetic_heterogeneity_from_json_and_veff_v3.py,keep
F:\Sandy_data\AI segemetation work\Sts_grain morphology_ML\Relevant files\radial_kinetic_proxy_v3_radial_kinetic_heterogeneity.csv,keep
F:\Sandy_data\AI segemetation work\Sts_grain morphology_ML\Relevant files\radial_kinetic_proxy_v3_radial_kinetic_heterogeneity_band.png,keep
F:\Sandy_data\AI segemetation work\Sts_grain morphology_ML\Relevant files\radial_kinetic_proxy_v3_radial_kinetic_heterogeneity_band_retry.png,keep
F:\Sandy_data\AI segemetation work\Sts_grain morphology_ML\Relevant files\radial_kinetic_proxy_v3_radial_kinetic_heterogeneity_cv.png,keep
F:\Sandy_data\AI segemetation work\Sts_grain morphology_ML\Relevant files\radial_kinetic_proxy_v3_radial_median_veff.png,keep
F:\Sandy_data\AI segemetation work\Sts_grain morphology_ML\Relevant files\radial_kinetic_proxy_v3_tableII_kinetic_heterogeneity.csv,keep
F:\Sandy_data\AI segemetation work\Sts_grain morphology_ML\Relevant files\rb_sw05_fo002.csv,keep
F:\Sandy_data\AI segemetation work\Sts_grain morphology_ML\Relevant files\rb_sw05_fo002_FAPI_dndt.png,keep
F:\Sandy_data\AI segemetation work\Sts_grain morphology_ML\Relevant files\rb_sw05_fo002_FAPI_dXdt.png,keep
F:\Sandy_data\AI segemetation work\Sts_grain morphology_ML\Relevant files\rb_sw05_fo002_FAPI_TEMPO_dndt.png,keep
F:\Sandy_data\AI segemetation work\Sts_grain morphology_ML\Relevant files\rb_sw05_fo002_FAPI_TEMPO_dXdt.png,keep
F:\Sandy_data\AI segemetation work\Sts_grain morphology_ML\Relevant files\rb_sw05_fo002_FAPI_TEMPO_X.png,keep
F:\Sandy_data\AI segemetation work\Sts_grain morphology_ML\Relevant files\rb_sw05_fo002_FAPI_X.png,keep
F:\Sandy_data\AI segemetation work\Sts_grain morphology_ML\Relevant files\rebuild_tempo_json_filter_late_bump.py,keep
F:\Sandy_data\AI segemetation work\Sts_grain morphology_ML\Relevant files\retrack_and_kinetics.py,keep
F:\Sandy_data\AI segemetation work\Sts_grain morphology_ML\Relevant files\run_spherulite_tracking.py,keep
F:\Sandy_data\AI segemetation work\Sts_grain morphology_ML\Relevant files\run_stable_nucleation_pair.py,keep
F:\Sandy_data\AI segemetation work\Sts_grain morphology_ML\Relevant files\run_stable_nucleation_pair_sharedbins.py,keep
F:\Sandy_data\AI segemetation work\Sts_grain morphology_ML\Relevant files\run_time_resolved_crystal_segmentation.py,keep
F:\Sandy_data\AI segemetation work\Sts_grain morphology_ML\Relevant files\run_time_resolved_crystal_segmentation_fast.py,keep
F:\Sandy_data\AI segemetation work\Sts_grain morphology_ML\Relevant files\sample_defectdensity_gradient_vs_local_fields.py,keep
F:\Sandy_data\AI segemetation work\Sts_grain morphology_ML\Relevant files\sample_entropy_vs_local_fields.py,keep
F:\Sandy_data\AI segemetation work\Sts_grain morphology_ML\Relevant files\sample_heatmap_intensity_vs_local_fields.py,keep
F:\Sandy_data\AI segemetation work\Sts_grain morphology_ML\Relevant files\schematic_anisotropy_polar.png,keep
F:\Sandy_data\AI segemetation work\Sts_grain morphology_ML\Relevant files\schematic_anisotropy_polar.py,keep
F:\Sandy_data\AI segemetation work\Sts_grain morphology_ML\Relevant files\segfreeze_export.py,keep
F:\Sandy_data\AI segemetation work\Sts_grain morphology_ML\Relevant files\SI_Table_Avrami_Transported.csv,keep
F:\Sandy_data\AI segemetation work\Sts_grain morphology_ML\Relevant files\SI_Table_veff_correlations.csv,keep
F:\Sandy_data\AI segemetation work\Sts_grain morphology_ML\Relevant files\spatial_descriptors_and_clustering.py,keep
F:\Sandy_data\AI segemetation work\Sts_grain morphology_ML\Relevant files\spatial_descriptor_suite.py,keep
F:\Sandy_data\AI segemetation work\Sts_grain morphology_ML\Relevant files\stable_nucleation_compare_with_gates.py,keep
F:\Sandy_data\AI segemetation work\Sts_grain morphology_ML\Relevant files\stable_nucleation_curves.py,keep
F:\Sandy_data\AI segemetation work\Sts_grain morphology_ML\Relevant files\stable_nucleation_curves_lookahead.py,keep
F:\Sandy_data\AI segemetation work\Sts_grain morphology_ML\Relevant files\stable_nucleation_curves_v3_fixed.py,keep
F:\Sandy_data\AI segemetation work\Sts_grain morphology_ML\Relevant files\stable_nucleation_rebuild_from_json.py,keep
F:\Sandy_data\AI segemetation work\Sts_grain morphology_ML\Relevant files\stable_nucleation_sharedbins_v3.py,keep
F:\Sandy_data\AI segemetation work\Sts_grain morphology_ML\Relevant files\stage2_mask_iou_from_v15.py,keep
F:\Sandy_data\AI segemetation work\Sts_grain morphology_ML\Relevant files\Sts_metrics.txt,keep
F:\Sandy_data\AI segemetation work\Sts_grain morphology_ML\Relevant files\sweep_tau_gates.py,keep
F:\Sandy_data\AI segemetation work\Sts_grain morphology_ML\Relevant files\tau_panel_readiness_check.py,keep
F:\Sandy_data\AI segemetation work\Sts_grain morphology_ML\Relevant files\transported_avrami_check.png,keep
F:\Sandy_data\AI segemetation work\Sts_grain morphology_ML\Relevant files\transported_avrami_continuous.png,keep
F:\Sandy_data\AI segemetation work\Sts_grain morphology_ML\Relevant files\transported_avrami_continuous_fit_params.csv,keep
F:\Sandy_data\AI segemetation work\Sts_grain morphology_ML\Relevant files\transported_avrami_fit_params.csv,keep
F:\Sandy_data\AI segemetation work\Sts_grain morphology_ML\Relevant files\update_radial_kinetic_heterogeneity_from_veff.py,keep
F:\Sandy_data\AI segemetation work\Sts_grain morphology_ML\Relevant files\Updtaed method.txt,keep
F:\Sandy_data\AI segemetation work\Sts_grain morphology_ML\Relevant files\veff_corr_full_veff_vs_circ_dist.png,keep
F:\Sandy_data\AI segemetation work\Sts_grain morphology_ML\Relevant files\veff_corr_full_veff_vs_defect_fraction.png,keep
F:\Sandy_data\AI segemetation work\Sts_grain morphology_ML\Relevant files\veff_corr_full_veff_vs_entropy.png,keep
F:\Sandy_data\AI segemetation work\Sts_grain morphology_ML\Relevant files\violin_radial_defect_features.py,keep
F:\Sandy_data\AI segemetation work\Sts_grain morphology_ML\Relevant files\harmonization_checkpoints\v001_video_pair_fapi_vs_fapi_tempo\decisions_log.md,keep
F:\Sandy_data\AI segemetation work\Sts_grain morphology_ML\Relevant files\harmonization_checkpoints\v001_video_pair_fapi_vs_fapi_tempo\README_scope.md,keep
F:\Sandy_data\AI segemetation work\Sts_grain morphology_ML\Relevant files\harmonization_checkpoints\v001_video_pair_fapi_vs_fapi_tempo\canonical_inputs\FAPI\active_tracks_source.csv,keep
F:\Sandy_data\AI segemetation work\Sts_grain morphology_ML\Relevant files\harmonization_checkpoints\v001_video_pair_fapi_vs_fapi_tempo\canonical_inputs\FAPI\events.csv,keep
F:\Sandy_data\AI segemetation work\Sts_grain morphology_ML\Relevant files\harmonization_checkpoints\v001_video_pair_fapi_vs_fapi_tempo\canonical_inputs\FAPI\frame_kinetics.csv,keep
F:\Sandy_data\AI segemetation work\Sts_grain morphology_ML\Relevant files\harmonization_checkpoints\v001_video_pair_fapi_vs_fapi_tempo\canonical_inputs\FAPI\growth_rate_vs_time.csv,keep
F:\Sandy_data\AI segemetation work\Sts_grain morphology_ML\Relevant files\harmonization_checkpoints\v001_video_pair_fapi_vs_fapi_tempo\canonical_inputs\FAPI\metadata.yaml,keep
F:\Sandy_data\AI segemetation work\Sts_grain morphology_ML\Relevant files\harmonization_checkpoints\v001_video_pair_fapi_vs_fapi_tempo\canonical_inputs\FAPI\Nt_curve.csv,keep
F:\Sandy_data\AI segemetation work\Sts_grain morphology_ML\Relevant files\harmonization_checkpoints\v001_video_pair_fapi_vs_fapi_tempo\canonical_inputs\FAPI\rate_curve.csv,keep
F:\Sandy_data\AI segemetation work\Sts_grain morphology_ML\Relevant files\harmonization_checkpoints\v001_video_pair_fapi_vs_fapi_tempo\canonical_inputs\FAPI\tau_fits.csv,keep
F:\Sandy_data\AI segemetation work\Sts_grain morphology_ML\Relevant files\harmonization_checkpoints\v001_video_pair_fapi_vs_fapi_tempo\canonical_inputs\FAPI\tracks_source.csv,keep
F:\Sandy_data\AI segemetation work\Sts_grain morphology_ML\Relevant files\harmonization_checkpoints\v001_video_pair_fapi_vs_fapi_tempo\canonical_inputs\FAPI_TEMPO\active_tracks_source.csv,keep
F:\Sandy_data\AI segemetation work\Sts_grain morphology_ML\Relevant files\harmonization_checkpoints\v001_video_pair_fapi_vs_fapi_tempo\canonical_inputs\FAPI_TEMPO\events.csv,keep
F:\Sandy_data\AI segemetation work\Sts_grain morphology_ML\Relevant files\harmonization_checkpoints\v001_video_pair_fapi_vs_fapi_tempo\canonical_inputs\FAPI_TEMPO\frame_kinetics.csv,keep
F:\Sandy_data\AI segemetation work\Sts_grain morphology_ML\Relevant files\harmonization_checkpoints\v001_video_pair_fapi_vs_fapi_tempo\canonical_inputs\FAPI_TEMPO\growth_rate_vs_time.csv,keep
F:\Sandy_data\AI segemetation work\Sts_grain morphology_ML\Relevant files\harmonization_checkpoints\v001_video_pair_fapi_vs_fapi_tempo\canonical_inputs\FAPI_TEMPO\metadata.yaml,keep
F:\Sandy_data\AI segemetation work\Sts_grain morphology_ML\Relevant files\harmonization_checkpoints\v001_video_pair_fapi_vs_fapi_tempo\canonical_inputs\FAPI_TEMPO\Nt_curve.csv,keep
F:\Sandy_data\AI segemetation work\Sts_grain morphology_ML\Relevant files\harmonization_checkpoints\v001_video_pair_fapi_vs_fapi_tempo\canonical_inputs\FAPI_TEMPO\rate_curve.csv,keep
F:\Sandy_data\AI segemetation work\Sts_grain morphology_ML\Relevant files\harmonization_checkpoints\v001_video_pair_fapi_vs_fapi_tempo\canonical_inputs\FAPI_TEMPO\tau_fits.csv,keep
F:\Sandy_data\AI segemetation work\Sts_grain morphology_ML\Relevant files\harmonization_checkpoints\v001_video_pair_fapi_vs_fapi_tempo\canonical_inputs\FAPI_TEMPO\tau_fits_recovered_extended.csv,keep
F:\Sandy_data\AI segemetation work\Sts_grain morphology_ML\Relevant files\harmonization_checkpoints\v001_video_pair_fapi_vs_fapi_tempo\canonical_inputs\FAPI_TEMPO\tau_fits_recovered_qc_summary.csv,keep
F:\Sandy_data\AI segemetation work\Sts_grain morphology_ML\Relevant files\harmonization_checkpoints\v001_video_pair_fapi_vs_fapi_tempo\canonical_inputs\FAPI_TEMPO\tau_fits_recovery_report.csv,keep
F:\Sandy_data\AI segemetation work\Sts_grain morphology_ML\Relevant files\harmonization_checkpoints\v001_video_pair_fapi_vs_fapi_tempo\canonical_inputs\FAPI_TEMPO\tracks_source.csv,keep
F:\Sandy_data\AI segemetation work\Sts_grain morphology_ML\Relevant files\harmonization_checkpoints\v001_video_pair_fapi_vs_fapi_tempo\compare_outputs\compare_run_manifest.csv,keep
F:\Sandy_data\AI segemetation work\Sts_grain morphology_ML\Relevant files\harmonization_checkpoints\v001_video_pair_fapi_vs_fapi_tempo\compare_outputs\compare_summary_metrics.csv,keep
F:\Sandy_data\AI segemetation work\Sts_grain morphology_ML\Relevant files\harmonization_checkpoints\v001_video_pair_fapi_vs_fapi_tempo\compare_outputs\compare_warnings.txt,keep
F:\Sandy_data\AI segemetation work\Sts_grain morphology_ML\Relevant files\harmonization_checkpoints\v001_video_pair_fapi_vs_fapi_tempo\compare_outputs\csv\active_overlay.csv,keep
F:\Sandy_data\AI segemetation work\Sts_grain morphology_ML\Relevant files\harmonization_checkpoints\v001_video_pair_fapi_vs_fapi_tempo\compare_outputs\csv\aligned_dn_dt_overlay.csv,keep
F:\Sandy_data\AI segemetation work\Sts_grain morphology_ML\Relevant files\harmonization_checkpoints\v001_video_pair_fapi_vs_fapi_tempo\compare_outputs\csv\aligned_Nt_overlay.csv,keep
F:\Sandy_data\AI segemetation work\Sts_grain morphology_ML\Relevant files\harmonization_checkpoints\v001_video_pair_fapi_vs_fapi_tempo\compare_outputs\csv\dn_dt_overlay.csv,keep
F:\Sandy_data\AI segemetation work\Sts_grain morphology_ML\Relevant files\harmonization_checkpoints\v001_video_pair_fapi_vs_fapi_tempo\compare_outputs\csv\events_overlay.csv,keep
F:\Sandy_data\AI segemetation work\Sts_grain morphology_ML\Relevant files\harmonization_checkpoints\v001_video_pair_fapi_vs_fapi_tempo\compare_outputs\csv\event_hist_rate_overlay.csv,keep
F:\Sandy_data\AI segemetation work\Sts_grain morphology_ML\Relevant files\harmonization_checkpoints\v001_video_pair_fapi_vs_fapi_tempo\compare_outputs\csv\event_hist_rate_overlay_10ms.csv,keep
F:\Sandy_data\AI segemetation work\Sts_grain morphology_ML\Relevant files\harmonization_checkpoints\v001_video_pair_fapi_vs_fapi_tempo\compare_outputs\csv\growth_overlay.csv,keep
F:\Sandy_data\AI segemetation work\Sts_grain morphology_ML\Relevant files\harmonization_checkpoints\v001_video_pair_fapi_vs_fapi_tempo\compare_outputs\csv\Nt_curve_FAPI-TEMPO.csv,keep
F:\Sandy_data\AI segemetation work\Sts_grain morphology_ML\Relevant files\harmonization_checkpoints\v001_video_pair_fapi_vs_fapi_tempo\compare_outputs\csv\Nt_curve_FAPI.csv,keep
F:\Sandy_data\AI segemetation work\Sts_grain morphology_ML\Relevant files\harmonization_checkpoints\v001_video_pair_fapi_vs_fapi_tempo\compare_outputs\csv\Nt_overlay.csv,keep
F:\Sandy_data\AI segemetation work\Sts_grain morphology_ML\Relevant files\harmonization_checkpoints\v001_video_pair_fapi_vs_fapi_tempo\compare_outputs\csv\rate_curve_FAPI-TEMPO.csv,keep
F:\Sandy_data\AI segemetation work\Sts_grain morphology_ML\Relevant files\harmonization_checkpoints\v001_video_pair_fapi_vs_fapi_tempo\compare_outputs\csv\rate_curve_FAPI.csv,keep
F:\Sandy_data\AI segemetation work\Sts_grain morphology_ML\Relevant files\harmonization_checkpoints\v001_video_pair_fapi_vs_fapi_tempo\compare_outputs\csv\tau_overlay.csv,keep
F:\Sandy_data\AI segemetation work\Sts_grain morphology_ML\Relevant files\harmonization_checkpoints\v001_video_pair_fapi_vs_fapi_tempo\compare_outputs\csv\tau_qc_summary_overlay.csv,keep
F:\Sandy_data\AI segemetation work\Sts_grain morphology_ML\Relevant files\harmonization_checkpoints\v001_video_pair_fapi_vs_fapi_tempo\compare_outputs\csv\tempo_tau_recovery_summary.csv,keep
F:\Sandy_data\AI segemetation work\Sts_grain morphology_ML\Relevant files\harmonization_checkpoints\v001_video_pair_fapi_vs_fapi_tempo\compare_outputs\csv\tempo_tau_recovery_warnings.csv,keep
F:\Sandy_data\AI segemetation work\Sts_grain morphology_ML\Relevant files\harmonization_checkpoints\v001_video_pair_fapi_vs_fapi_tempo\compare_outputs\png\compare_active_grains_FAPI_vs_FAPI-TEMPO.png,keep
F:\Sandy_data\AI segemetation work\Sts_grain morphology_ML\Relevant files\harmonization_checkpoints\v001_video_pair_fapi_vs_fapi_tempo\compare_outputs\png\compare_dn_dt_FAPI_vs_FAPI-TEMPO.png,keep
F:\Sandy_data\AI segemetation work\Sts_grain morphology_ML\Relevant files\harmonization_checkpoints\v001_video_pair_fapi_vs_fapi_tempo\compare_outputs\png\compare_event_hist_FAPI_vs_FAPI-TEMPO.png,keep
F:\Sandy_data\AI segemetation work\Sts_grain morphology_ML\Relevant files\harmonization_checkpoints\v001_video_pair_fapi_vs_fapi_tempo\compare_outputs\png\compare_event_hist_rate_10ms_FAPI_vs_FAPI-TEMPO.png,keep
F:\Sandy_data\AI segemetation work\Sts_grain morphology_ML\Relevant files\harmonization_checkpoints\v001_video_pair_fapi_vs_fapi_tempo\compare_outputs\png\compare_event_hist_rate_FAPI_vs_FAPI-TEMPO.png,keep
F:\Sandy_data\AI segemetation work\Sts_grain morphology_ML\Relevant files\harmonization_checkpoints\v001_video_pair_fapi_vs_fapi_tempo\compare_outputs\png\compare_growth_rate_FAPI_vs_FAPI-TEMPO.png,keep
F:\Sandy_data\AI segemetation work\Sts_grain morphology_ML\Relevant files\harmonization_checkpoints\v001_video_pair_fapi_vs_fapi_tempo\compare_outputs\png\compare_Nt_FAPI_vs_FAPI-TEMPO.png,keep
F:\Sandy_data\AI segemetation work\Sts_grain morphology_ML\Relevant files\harmonization_checkpoints\v001_video_pair_fapi_vs_fapi_tempo\compare_outputs\png\compare_Nt_normalized_FAPI_vs_FAPI-TEMPO.png,keep
F:\Sandy_data\AI segemetation work\Sts_grain morphology_ML\Relevant files\harmonization_checkpoints\v001_video_pair_fapi_vs_fapi_tempo\compare_outputs\png\compare_tau_hist_FAPI_vs_FAPI-TEMPO.png,keep
F:\Sandy_data\AI segemetation work\Sts_grain morphology_ML\Relevant files\harmonization_checkpoints\v001_video_pair_fapi_vs_fapi_tempo\compare_outputs\png\compare_tau_qc_summary_panel_FAPI_vs_FAPI-TEMPO.png,keep
F:\Sandy_data\AI segemetation work\Sts_grain morphology_ML\Relevant files\harmonization_checkpoints\v001_video_pair_fapi_vs_fapi_tempo\frozen\v001_video_pair_freeze_20260226_084817\decisions_log.md,keep
F:\Sandy_data\AI segemetation work\Sts_grain morphology_ML\Relevant files\harmonization_checkpoints\v001_video_pair_fapi_vs_fapi_tempo\frozen\v001_video_pair_freeze_20260226_084817\freeze_hash_manifest.csv,keep
F:\Sandy_data\AI segemetation work\Sts_grain morphology_ML\Relevant files\harmonization_checkpoints\v001_video_pair_fapi_vs_fapi_tempo\frozen\v001_video_pair_freeze_20260226_084817\freeze_manifest.csv,keep
F:\Sandy_data\AI segemetation work\Sts_grain morphology_ML\Relevant files\harmonization_checkpoints\v001_video_pair_fapi_vs_fapi_tempo\frozen\v001_video_pair_freeze_20260226_084817\FREEZE_README.txt,keep
F:\Sandy_data\AI segemetation work\Sts_grain morphology_ML\Relevant files\harmonization_checkpoints\v001_video_pair_fapi_vs_fapi_tempo\frozen\v001_video_pair_freeze_20260226_084817\freeze_warnings.txt,keep
F:\Sandy_data\AI segemetation work\Sts_grain morphology_ML\Relevant files\harmonization_checkpoints\v001_video_pair_fapi_vs_fapi_tempo\frozen\v001_video_pair_freeze_20260226_084817\README_scope.md,keep
F:\Sandy_data\AI segemetation work\Sts_grain morphology_ML\Relevant files\harmonization_checkpoints\v001_video_pair_fapi_vs_fapi_tempo\frozen\v001_video_pair_freeze_20260226_084817\canonical_inputs\FAPI\active_tracks_source.csv,keep
F:\Sandy_data\AI segemetation work\Sts_grain morphology_ML\Relevant files\harmonization_checkpoints\v001_video_pair_fapi_vs_fapi_tempo\frozen\v001_video_pair_freeze_20260226_084817\canonical_inputs\FAPI\events.csv,keep
F:\Sandy_data\AI segemetation work\Sts_grain morphology_ML\Relevant files\harmonization_checkpoints\v001_video_pair_fapi_vs_fapi_tempo\frozen\v001_video_pair_freeze_20260226_084817\canonical_inputs\FAPI\frame_kinetics.csv,keep
F:\Sandy_data\AI segemetation work\Sts_grain morphology_ML\Relevant files\harmonization_checkpoints\v001_video_pair_fapi_vs_fapi_tempo\frozen\v001_video_pair_freeze_20260226_084817\canonical_inputs\FAPI\growth_rate_vs_time.csv,keep
F:\Sandy_data\AI segemetation work\Sts_grain morphology_ML\Relevant files\harmonization_checkpoints\v001_video_pair_fapi_vs_fapi_tempo\frozen\v001_video_pair_freeze_20260226_084817\canonical_inputs\FAPI\metadata.yaml,keep
F:\Sandy_data\AI segemetation work\Sts_grain morphology_ML\Relevant files\harmonization_checkpoints\v001_video_pair_fapi_vs_fapi_tempo\frozen\v001_video_pair_freeze_20260226_084817\canonical_inputs\FAPI\Nt_curve.csv,keep
F:\Sandy_data\AI segemetation work\Sts_grain morphology_ML\Relevant files\harmonization_checkpoints\v001_video_pair_fapi_vs_fapi_tempo\frozen\v001_video_pair_freeze_20260226_084817\canonical_inputs\FAPI\rate_curve.csv,keep
F:\Sandy_data\AI segemetation work\Sts_grain morphology_ML\Relevant files\harmonization_checkpoints\v001_video_pair_fapi_vs_fapi_tempo\frozen\v001_video_pair_freeze_20260226_084817\canonical_inputs\FAPI\tau_fits.csv,keep
F:\Sandy_data\AI segemetation work\Sts_grain morphology_ML\Relevant files\harmonization_checkpoints\v001_video_pair_fapi_vs_fapi_tempo\frozen\v001_video_pair_freeze_20260226_084817\canonical_inputs\FAPI\tracks_source.csv,keep
F:\Sandy_data\AI segemetation work\Sts_grain morphology_ML\Relevant files\harmonization_checkpoints\v001_video_pair_fapi_vs_fapi_tempo\frozen\v001_video_pair_freeze_20260226_084817\canonical_inputs\FAPI_TEMPO\active_tracks_source.csv,keep
F:\Sandy_data\AI segemetation work\Sts_grain morphology_ML\Relevant files\harmonization_checkpoints\v001_video_pair_fapi_vs_fapi_tempo\frozen\v001_video_pair_freeze_20260226_084817\canonical_inputs\FAPI_TEMPO\events.csv,keep
F:\Sandy_data\AI segemetation work\Sts_grain morphology_ML\Relevant files\harmonization_checkpoints\v001_video_pair_fapi_vs_fapi_tempo\frozen\v001_video_pair_freeze_20260226_084817\canonical_inputs\FAPI_TEMPO\frame_kinetics.csv,keep
F:\Sandy_data\AI segemetation work\Sts_grain morphology_ML\Relevant files\harmonization_checkpoints\v001_video_pair_fapi_vs_fapi_tempo\frozen\v001_video_pair_freeze_20260226_084817\canonical_inputs\FAPI_TEMPO\growth_rate_vs_time.csv,keep
F:\Sandy_data\AI segemetation work\Sts_grain morphology_ML\Relevant files\harmonization_checkpoints\v001_video_pair_fapi_vs_fapi_tempo\frozen\v001_video_pair_freeze_20260226_084817\canonical_inputs\FAPI_TEMPO\metadata.yaml,keep
F:\Sandy_data\AI segemetation work\Sts_grain morphology_ML\Relevant files\harmonization_checkpoints\v001_video_pair_fapi_vs_fapi_tempo\frozen\v001_video_pair_freeze_20260226_084817\canonical_inputs\FAPI_TEMPO\Nt_curve.csv,keep
F:\Sandy_data\AI segemetation work\Sts_grain morphology_ML\Relevant files\harmonization_checkpoints\v001_video_pair_fapi_vs_fapi_tempo\frozen\v001_video_pair_freeze_20260226_084817\canonical_inputs\FAPI_TEMPO\rate_curve.csv,keep
F:\Sandy_data\AI segemetation work\Sts_grain morphology_ML\Relevant files\harmonization_checkpoints\v001_video_pair_fapi_vs_fapi_tempo\frozen\v001_video_pair_freeze_20260226_084817\canonical_inputs\FAPI_TEMPO\tau_fits.csv,keep
F:\Sandy_data\AI segemetation work\Sts_grain morphology_ML\Relevant files\harmonization_checkpoints\v001_video_pair_fapi_vs_fapi_tempo\frozen\v001_video_pair_freeze_20260226_084817\canonical_inputs\FAPI_TEMPO\tau_fits_recovered_extended.csv,keep
F:\Sandy_data\AI segemetation work\Sts_grain morphology_ML\Relevant files\harmonization_checkpoints\v001_video_pair_fapi_vs_fapi_tempo\frozen\v001_video_pair_freeze_20260226_084817\canonical_inputs\FAPI_TEMPO\tau_fits_recovered_qc_summary.csv,keep
F:\Sandy_data\AI segemetation work\Sts_grain morphology_ML\Relevant files\harmonization_checkpoints\v001_video_pair_fapi_vs_fapi_tempo\frozen\v001_video_pair_freeze_20260226_084817\canonical_inputs\FAPI_TEMPO\tau_fits_recovery_report.csv,keep
F:\Sandy_data\AI segemetation work\Sts_grain morphology_ML\Relevant files\harmonization_checkpoints\v001_video_pair_fapi_vs_fapi_tempo\frozen\v001_video_pair_freeze_20260226_084817\canonical_inputs\FAPI_TEMPO\tracks_source.csv,keep
F:\Sandy_data\AI segemetation work\Sts_grain morphology_ML\Relevant files\harmonization_checkpoints\v001_video_pair_fapi_vs_fapi_tempo\frozen\v001_video_pair_freeze_20260226_084817\compare_outputs\compare_run_manifest.csv,keep
F:\Sandy_data\AI segemetation work\Sts_grain morphology_ML\Relevant files\harmonization_checkpoints\v001_video_pair_fapi_vs_fapi_tempo\frozen\v001_video_pair_freeze_20260226_084817\compare_outputs\compare_summary_metrics.csv,keep
F:\Sandy_data\AI segemetation work\Sts_grain morphology_ML\Relevant files\harmonization_checkpoints\v001_video_pair_fapi_vs_fapi_tempo\frozen\v001_video_pair_freeze_20260226_084817\compare_outputs\compare_warnings.txt,keep
F:\Sandy_data\AI segemetation work\Sts_grain morphology_ML\Relevant files\harmonization_checkpoints\v001_video_pair_fapi_vs_fapi_tempo\frozen\v001_video_pair_freeze_20260226_084817\compare_outputs\csv\active_overlay.csv,keep
F:\Sandy_data\AI segemetation work\Sts_grain morphology_ML\Relevant files\harmonization_checkpoints\v001_video_pair_fapi_vs_fapi_tempo\frozen\v001_video_pair_freeze_20260226_084817\compare_outputs\csv\aligned_dn_dt_overlay.csv,keep
F:\Sandy_data\AI segemetation work\Sts_grain morphology_ML\Relevant files\harmonization_checkpoints\v001_video_pair_fapi_vs_fapi_tempo\frozen\v001_video_pair_freeze_20260226_084817\compare_outputs\csv\aligned_Nt_overlay.csv,keep
F:\Sandy_data\AI segemetation work\Sts_grain morphology_ML\Relevant files\harmonization_checkpoints\v001_video_pair_fapi_vs_fapi_tempo\frozen\v001_video_pair_freeze_20260226_084817\compare_outputs\csv\dn_dt_overlay.csv,keep
F:\Sandy_data\AI segemetation work\Sts_grain morphology_ML\Relevant files\harmonization_checkpoints\v001_video_pair_fapi_vs_fapi_tempo\frozen\v001_video_pair_freeze_20260226_084817\compare_outputs\csv\events_overlay.csv,keep
F:\Sandy_data\AI segemetation work\Sts_grain morphology_ML\Relevant files\harmonization_checkpoints\v001_video_pair_fapi_vs_fapi_tempo\frozen\v001_video_pair_freeze_20260226_084817\compare_outputs\csv\event_hist_rate_overlay.csv,keep
F:\Sandy_data\AI segemetation work\Sts_grain morphology_ML\Relevant files\harmonization_checkpoints\v001_video_pair_fapi_vs_fapi_tempo\frozen\v001_video_pair_freeze_20260226_084817\compare_outputs\csv\event_hist_rate_overlay_10ms.csv,keep
F:\Sandy_data\AI segemetation work\Sts_grain morphology_ML\Relevant files\harmonization_checkpoints\v001_video_pair_fapi_vs_fapi_tempo\frozen\v001_video_pair_freeze_20260226_084817\compare_outputs\csv\growth_overlay.csv,keep
F:\Sandy_data\AI segemetation work\Sts_grain morphology_ML\Relevant files\harmonization_checkpoints\v001_video_pair_fapi_vs_fapi_tempo\frozen\v001_video_pair_freeze_20260226_084817\compare_outputs\csv\Nt_curve_FAPI-TEMPO.csv,keep
F:\Sandy_data\AI segemetation work\Sts_grain morphology_ML\Relevant files\harmonization_checkpoints\v001_video_pair_fapi_vs_fapi_tempo\frozen\v001_video_pair_freeze_20260226_084817\compare_outputs\csv\Nt_curve_FAPI.csv,keep
F:\Sandy_data\AI segemetation work\Sts_grain morphology_ML\Relevant files\harmonization_checkpoints\v001_video_pair_fapi_vs_fapi_tempo\frozen\v001_video_pair_freeze_20260226_084817\compare_outputs\csv\Nt_overlay.csv,keep
F:\Sandy_data\AI segemetation work\Sts_grain morphology_ML\Relevant files\harmonization_checkpoints\v001_video_pair_fapi_vs_fapi_tempo\frozen\v001_video_pair_freeze_20260226_084817\compare_outputs\csv\rate_curve_FAPI-TEMPO.csv,keep
F:\Sandy_data\AI segemetation work\Sts_grain morphology_ML\Relevant files\harmonization_checkpoints\v001_video_pair_fapi_vs_fapi_tempo\frozen\v001_video_pair_freeze_20260226_084817\compare_outputs\csv\rate_curve_FAPI.csv,keep
F:\Sandy_data\AI segemetation work\Sts_grain morphology_ML\Relevant files\harmonization_checkpoints\v001_video_pair_fapi_vs_fapi_tempo\frozen\v001_video_pair_freeze_20260226_084817\compare_outputs\csv\tau_overlay.csv,keep
F:\Sandy_data\AI segemetation work\Sts_grain morphology_ML\Relevant files\harmonization_checkpoints\v001_video_pair_fapi_vs_fapi_tempo\frozen\v001_video_pair_freeze_20260226_084817\compare_outputs\csv\tau_qc_summary_overlay.csv,keep
F:\Sandy_data\AI segemetation work\Sts_grain morphology_ML\Relevant files\harmonization_checkpoints\v001_video_pair_fapi_vs_fapi_tempo\frozen\v001_video_pair_freeze_20260226_084817\compare_outputs\csv\tempo_tau_recovery_summary.csv,keep
F:\Sandy_data\AI segemetation work\Sts_grain morphology_ML\Relevant files\harmonization_checkpoints\v001_video_pair_fapi_vs_fapi_tempo\frozen\v001_video_pair_freeze_20260226_084817\compare_outputs\csv\tempo_tau_recovery_warnings.csv,keep
F:\Sandy_data\AI segemetation work\Sts_grain morphology_ML\Relevant files\harmonization_checkpoints\v001_video_pair_fapi_vs_fapi_tempo\frozen\v001_video_pair_freeze_20260226_084817\compare_outputs\png\compare_active_grains_FAPI_vs_FAPI-TEMPO.png,keep
F:\Sandy_data\AI segemetation work\Sts_grain morphology_ML\Relevant files\harmonization_checkpoints\v001_video_pair_fapi_vs_fapi_tempo\frozen\v001_video_pair_freeze_20260226_084817\compare_outputs\png\compare_dn_dt_FAPI_vs_FAPI-TEMPO.png,keep
F:\Sandy_data\AI segemetation work\Sts_grain morphology_ML\Relevant files\harmonization_checkpoints\v001_video_pair_fapi_vs_fapi_tempo\frozen\v001_video_pair_freeze_20260226_084817\compare_outputs\png\compare_event_hist_FAPI_vs_FAPI-TEMPO.png,keep
F:\Sandy_data\AI segemetation work\Sts_grain morphology_ML\Relevant files\harmonization_checkpoints\v001_video_pair_fapi_vs_fapi_tempo\frozen\v001_video_pair_freeze_20260226_084817\compare_outputs\png\compare_event_hist_rate_10ms_FAPI_vs_FAPI-TEMPO.png,keep
F:\Sandy_data\AI segemetation work\Sts_grain morphology_ML\Relevant files\harmonization_checkpoints\v001_video_pair_fapi_vs_fapi_tempo\frozen\v001_video_pair_freeze_20260226_084817\compare_outputs\png\compare_event_hist_rate_FAPI_vs_FAPI-TEMPO.png,keep
F:\Sandy_data\AI segemetation work\Sts_grain morphology_ML\Relevant files\harmonization_checkpoints\v001_video_pair_fapi_vs_fapi_tempo\frozen\v001_video_pair_freeze_20260226_084817\compare_outputs\png\compare_growth_rate_FAPI_vs_FAPI-TEMPO.png,keep
F:\Sandy_data\AI segemetation work\Sts_grain morphology_ML\Relevant files\harmonization_checkpoints\v001_video_pair_fapi_vs_fapi_tempo\frozen\v001_video_pair_freeze_20260226_084817\compare_outputs\png\compare_Nt_FAPI_vs_FAPI-TEMPO.png,keep
F:\Sandy_data\AI segemetation work\Sts_grain morphology_ML\Relevant files\harmonization_checkpoints\v001_video_pair_fapi_vs_fapi_tempo\frozen\v001_video_pair_freeze_20260226_084817\compare_outputs\png\compare_Nt_normalized_FAPI_vs_FAPI-TEMPO.png,keep
F:\Sandy_data\AI segemetation work\Sts_grain morphology_ML\Relevant files\harmonization_checkpoints\v001_video_pair_fapi_vs_fapi_tempo\frozen\v001_video_pair_freeze_20260226_084817\compare_outputs\png\compare_tau_hist_FAPI_vs_FAPI-TEMPO.png,keep
F:\Sandy_data\AI segemetation work\Sts_grain morphology_ML\Relevant files\harmonization_checkpoints\v001_video_pair_fapi_vs_fapi_tempo\frozen\v001_video_pair_freeze_20260226_084817\compare_outputs\png\compare_tau_qc_summary_panel_FAPI_vs_FAPI-TEMPO.png,keep
F:\Sandy_data\AI segemetation work\Sts_grain morphology_ML\Relevant files\harmonization_checkpoints\v001_video_pair_fapi_vs_fapi_tempo\frozen\v001_video_pair_freeze_20260226_084817\harmonized_tables\harmonization_warnings.txt,keep
F:\Sandy_data\AI segemetation work\Sts_grain morphology_ML\Relevant files\harmonization_checkpoints\v001_video_pair_fapi_vs_fapi_tempo\frozen\v001_video_pair_freeze_20260226_084817\harmonized_tables\FAPI\active_table_harmonized.csv,keep
F:\Sandy_data\AI segemetation work\Sts_grain morphology_ML\Relevant files\harmonization_checkpoints\v001_video_pair_fapi_vs_fapi_tempo\frozen\v001_video_pair_freeze_20260226_084817\harmonized_tables\FAPI\growth_table_harmonized.csv,keep
F:\Sandy_data\AI segemetation work\Sts_grain morphology_ML\Relevant files\harmonization_checkpoints\v001_video_pair_fapi_vs_fapi_tempo\frozen\v001_video_pair_freeze_20260226_084817\harmonized_tables\FAPI\qc_summary.csv,keep
F:\Sandy_data\AI segemetation work\Sts_grain morphology_ML\Relevant files\harmonization_checkpoints\v001_video_pair_fapi_vs_fapi_tempo\frozen\v001_video_pair_freeze_20260226_084817\harmonized_tables\FAPI\tau_table_harmonized.csv,keep
F:\Sandy_data\AI segemetation work\Sts_grain morphology_ML\Relevant files\harmonization_checkpoints\v001_video_pair_fapi_vs_fapi_tempo\frozen\v001_video_pair_freeze_20260226_084817\harmonized_tables\FAPI_TEMPO\active_table_harmonized.csv,keep
F:\Sandy_data\AI segemetation work\Sts_grain morphology_ML\Relevant files\harmonization_checkpoints\v001_video_pair_fapi_vs_fapi_tempo\frozen\v001_video_pair_freeze_20260226_084817\harmonized_tables\FAPI_TEMPO\growth_table_harmonized.csv,keep
F:\Sandy_data\AI segemetation work\Sts_grain morphology_ML\Relevant files\harmonization_checkpoints\v001_video_pair_fapi_vs_fapi_tempo\frozen\v001_video_pair_freeze_20260226_084817\harmonized_tables\FAPI_TEMPO\qc_summary.csv,keep
F:\Sandy_data\AI segemetation work\Sts_grain morphology_ML\Relevant files\harmonization_checkpoints\v001_video_pair_fapi_vs_fapi_tempo\frozen\v001_video_pair_freeze_20260226_084817\harmonized_tables\FAPI_TEMPO\tau_table_harmonized.csv,keep
F:\Sandy_data\AI segemetation work\Sts_grain morphology_ML\Relevant files\harmonization_checkpoints\v001_video_pair_fapi_vs_fapi_tempo\frozen\v001_video_pair_freeze_20260226_084817\manifests\hash_manifest.csv,keep
F:\Sandy_data\AI segemetation work\Sts_grain morphology_ML\Relevant files\harmonization_checkpoints\v001_video_pair_fapi_vs_fapi_tempo\frozen\v001_video_pair_freeze_20260226_084817\manifests\schema_report.csv,keep
F:\Sandy_data\AI segemetation work\Sts_grain morphology_ML\Relevant files\harmonization_checkpoints\v001_video_pair_fapi_vs_fapi_tempo\frozen\v001_video_pair_freeze_20260226_084817\manifests\source_manifest_curated.csv,keep
F:\Sandy_data\AI segemetation work\Sts_grain morphology_ML\Relevant files\harmonization_checkpoints\v001_video_pair_fapi_vs_fapi_tempo\frozen\v001_video_pair_freeze_20260226_084817\manifests\source_manifest_raw.csv,keep
F:\Sandy_data\AI segemetation work\Sts_grain morphology_ML\Relevant files\harmonization_checkpoints\v001_video_pair_fapi_vs_fapi_tempo\frozen\v001_video_pair_freeze_20260226_084817\manifests\tempo_tau_recovery_meta.json,keep
F:\Sandy_data\AI segemetation work\Sts_grain morphology_ML\Relevant files\harmonization_checkpoints\v001_video_pair_fapi_vs_fapi_tempo\frozen\v001_video_pair_freeze_20260226_084817\manifests\tempo_tau_recovery_qc_config.json,keep
F:\Sandy_data\AI segemetation work\Sts_grain morphology_ML\Relevant files\harmonization_checkpoints\v001_video_pair_fapi_vs_fapi_tempo\frozen\v001_video_pair_freeze_20260226_084817\manifests\tempo_tau_recovery_summary.csv,keep
F:\Sandy_data\AI segemetation work\Sts_grain morphology_ML\Relevant files\harmonization_checkpoints\v001_video_pair_fapi_vs_fapi_tempo\frozen\v001_video_pair_freeze_20260226_084817\manifests\tempo_tau_recovery_warnings.csv,keep
F:\Sandy_data\AI segemetation work\Sts_grain morphology_ML\Relevant files\harmonization_checkpoints\v001_video_pair_fapi_vs_fapi_tempo\frozen\v001_video_pair_freeze_20260226_084817\scripts\build_checkpoint_manifest.py,keep
F:\Sandy_data\AI segemetation work\Sts_grain morphology_ML\Relevant files\harmonization_checkpoints\v001_video_pair_fapi_vs_fapi_tempo\frozen\v001_video_pair_freeze_20260226_084817\scripts\compare_video_pair_harmonized.py,keep
F:\Sandy_data\AI segemetation work\Sts_grain morphology_ML\Relevant files\harmonization_checkpoints\v001_video_pair_fapi_vs_fapi_tempo\frozen\v001_video_pair_freeze_20260226_084817\scripts\harmonize_video_pair_inputs.py,keep
F:\Sandy_data\AI segemetation work\Sts_grain morphology_ML\Relevant files\harmonization_checkpoints\v001_video_pair_fapi_vs_fapi_tempo\frozen\v001_video_pair_freeze_20260226_084817\tau_recovery_debug\README_debug_summary.txt,keep
F:\Sandy_data\AI segemetation work\Sts_grain morphology_ML\Relevant files\harmonization_checkpoints\v001_video_pair_fapi_vs_fapi_tempo\frozen\v001_video_pair_freeze_20260226_084817\tau_recovery_debug\csv\detected_schema_report.csv,keep
F:\Sandy_data\AI segemetation work\Sts_grain morphology_ML\Relevant files\harmonization_checkpoints\v001_video_pair_fapi_vs_fapi_tempo\frozen\v001_video_pair_freeze_20260226_084817\tau_recovery_debug\csv\failure_mode_counts_failed_only.csv,keep
F:\Sandy_data\AI segemetation work\Sts_grain morphology_ML\Relevant files\harmonization_checkpoints\v001_video_pair_fapi_vs_fapi_tempo\frozen\v001_video_pair_freeze_20260226_084817\tau_recovery_debug\csv\failure_mode_summary.csv,keep
F:\Sandy_data\AI segemetation work\Sts_grain morphology_ML\Relevant files\harmonization_checkpoints\v001_video_pair_fapi_vs_fapi_tempo\frozen\v001_video_pair_freeze_20260226_084817\tau_recovery_debug\csv\recommended_adjustments.csv,keep
F:\Sandy_data\AI segemetation work\Sts_grain morphology_ML\Relevant files\harmonization_checkpoints\v001_video_pair_fapi_vs_fapi_tempo\frozen\v001_video_pair_freeze_20260226_084817\tau_recovery_debug\csv\representative_failed_fit_plot_index.csv,keep
F:\Sandy_data\AI segemetation work\Sts_grain morphology_ML\Relevant files\harmonization_checkpoints\v001_video_pair_fapi_vs_fapi_tempo\frozen\v001_video_pair_freeze_20260226_084817\tau_recovery_debug\csv\tracks_normalized_extract.csv,keep
F:\Sandy_data\AI segemetation work\Sts_grain morphology_ML\Relevant files\harmonization_checkpoints\v001_video_pair_fapi_vs_fapi_tempo\frozen\v001_video_pair_freeze_20260226_084817\tau_recovery_debug\csv\warnings_normalized_extract.csv,keep
F:\Sandy_data\AI segemetation work\Sts_grain morphology_ML\Relevant files\harmonization_checkpoints\v001_video_pair_fapi_vs_fapi_tempo\frozen\v001_video_pair_freeze_20260226_084817\tau_recovery_debug\png\tau_recovery_diagnostic_histograms.png,keep
F:\Sandy_data\AI segemetation work\Sts_grain morphology_ML\Relevant files\harmonization_checkpoints\v001_video_pair_fapi_vs_fapi_tempo\harmonized_tables\harmonization_warnings.txt,keep
F:\Sandy_data\AI segemetation work\Sts_grain morphology_ML\Relevant files\harmonization_checkpoints\v001_video_pair_fapi_vs_fapi_tempo\harmonized_tables\FAPI\active_table_harmonized.csv,keep
F:\Sandy_data\AI segemetation work\Sts_grain morphology_ML\Relevant files\harmonization_checkpoints\v001_video_pair_fapi_vs_fapi_tempo\harmonized_tables\FAPI\growth_table_harmonized.csv,keep
F:\Sandy_data\AI segemetation work\Sts_grain morphology_ML\Relevant files\harmonization_checkpoints\v001_video_pair_fapi_vs_fapi_tempo\harmonized_tables\FAPI\qc_summary.csv,keep
F:\Sandy_data\AI segemetation work\Sts_grain morphology_ML\Relevant files\harmonization_checkpoints\v001_video_pair_fapi_vs_fapi_tempo\harmonized_tables\FAPI\tau_table_harmonized.csv,keep
F:\Sandy_data\AI segemetation work\Sts_grain morphology_ML\Relevant files\harmonization_checkpoints\v001_video_pair_fapi_vs_fapi_tempo\harmonized_tables\FAPI_TEMPO\active_table_harmonized.csv,keep
F:\Sandy_data\AI segemetation work\Sts_grain morphology_ML\Relevant files\harmonization_checkpoints\v001_video_pair_fapi_vs_fapi_tempo\harmonized_tables\FAPI_TEMPO\growth_table_harmonized.csv,keep
F:\Sandy_data\AI segemetation work\Sts_grain morphology_ML\Relevant files\harmonization_checkpoints\v001_video_pair_fapi_vs_fapi_tempo\harmonized_tables\FAPI_TEMPO\qc_summary.csv,keep
F:\Sandy_data\AI segemetation work\Sts_grain morphology_ML\Relevant files\harmonization_checkpoints\v001_video_pair_fapi_vs_fapi_tempo\harmonized_tables\FAPI_TEMPO\tau_table_harmonized.csv,keep
F:\Sandy_data\AI segemetation work\Sts_grain morphology_ML\Relevant files\harmonization_checkpoints\v001_video_pair_fapi_vs_fapi_tempo\manifests\hash_manifest.csv,keep
F:\Sandy_data\AI segemetation work\Sts_grain morphology_ML\Relevant files\harmonization_checkpoints\v001_video_pair_fapi_vs_fapi_tempo\manifests\schema_report.csv,keep
F:\Sandy_data\AI segemetation work\Sts_grain morphology_ML\Relevant files\harmonization_checkpoints\v001_video_pair_fapi_vs_fapi_tempo\manifests\source_manifest_curated.csv,keep
F:\Sandy_data\AI segemetation work\Sts_grain morphology_ML\Relevant files\harmonization_checkpoints\v001_video_pair_fapi_vs_fapi_tempo\manifests\source_manifest_raw.csv,keep
F:\Sandy_data\AI segemetation work\Sts_grain morphology_ML\Relevant files\harmonization_checkpoints\v001_video_pair_fapi_vs_fapi_tempo\manifests\tempo_tau_recovery_meta.json,keep
F:\Sandy_data\AI segemetation work\Sts_grain morphology_ML\Relevant files\harmonization_checkpoints\v001_video_pair_fapi_vs_fapi_tempo\manifests\tempo_tau_recovery_qc_config.json,keep
F:\Sandy_data\AI segemetation work\Sts_grain morphology_ML\Relevant files\harmonization_checkpoints\v001_video_pair_fapi_vs_fapi_tempo\manifests\tempo_tau_recovery_summary.csv,keep
F:\Sandy_data\AI segemetation work\Sts_grain morphology_ML\Relevant files\harmonization_checkpoints\v001_video_pair_fapi_vs_fapi_tempo\manifests\tempo_tau_recovery_warnings.csv,keep
F:\Sandy_data\AI segemetation work\Sts_grain morphology_ML\Relevant files\harmonization_checkpoints\v001_video_pair_fapi_vs_fapi_tempo\raw_snapshot\FAPI\matched_kinetics_for_compare\kinetics_tau0p3_events_FAPI.csv,keep
F:\Sandy_data\AI segemetation work\Sts_grain morphology_ML\Relevant files\harmonization_checkpoints\v001_video_pair_fapi_vs_fapi_tempo\raw_snapshot\FAPI\matched_kinetics_for_compare\kinetics_tau0p3_Nt.csv,keep
F:\Sandy_data\AI segemetation work\Sts_grain morphology_ML\Relevant files\harmonization_checkpoints\v001_video_pair_fapi_vs_fapi_tempo\raw_snapshot\FAPI\matched_kinetics_for_compare\kinetics_tau0p3_rate.csv,keep
F:\Sandy_data\AI segemetation work\Sts_grain morphology_ML\Relevant files\harmonization_checkpoints\v001_video_pair_fapi_vs_fapi_tempo\raw_snapshot\FAPI\retrack_cuda_vith\FAPI_active_tracks.csv,keep
F:\Sandy_data\AI segemetation work\Sts_grain morphology_ML\Relevant files\harmonization_checkpoints\v001_video_pair_fapi_vs_fapi_tempo\raw_snapshot\FAPI\retrack_cuda_vith\FAPI_retracked_tracks.csv,keep
F:\Sandy_data\AI segemetation work\Sts_grain morphology_ML\Relevant files\harmonization_checkpoints\v001_video_pair_fapi_vs_fapi_tempo\raw_snapshot\FAPI\retrack_cuda_vith\FAPI_tau_fits.csv,keep
F:\Sandy_data\AI segemetation work\Sts_grain morphology_ML\Relevant files\harmonization_checkpoints\v001_video_pair_fapi_vs_fapi_tempo\raw_snapshot\FAPI\retrack_cuda_vith\FAPI_track_summary.csv,keep
F:\Sandy_data\AI segemetation work\Sts_grain morphology_ML\Relevant files\harmonization_checkpoints\v001_video_pair_fapi_vs_fapi_tempo\raw_snapshot\FAPI\sam_cuda_vith_clean_FAPI_kinetics\growth_rate_vs_time.csv,keep
F:\Sandy_data\AI segemetation work\Sts_grain morphology_ML\Relevant files\harmonization_checkpoints\v001_video_pair_fapi_vs_fapi_tempo\raw_snapshot\FAPI_TEMPO\idmap_kinetics_win60\growth_rate_vs_time.csv,keep
F:\Sandy_data\AI segemetation work\Sts_grain morphology_ML\Relevant files\harmonization_checkpoints\v001_video_pair_fapi_vs_fapi_tempo\raw_snapshot\FAPI_TEMPO\out_FAPI_TEMPO_track_summary\track_summary.csv,keep
F:\Sandy_data\AI segemetation work\Sts_grain morphology_ML\Relevant files\harmonization_checkpoints\v001_video_pair_fapi_vs_fapi_tempo\raw_snapshot\FAPI_TEMPO\sam_cuda_vith_clean_FAPI_TEMPO\frame_kinetics.csv,keep
F:\Sandy_data\AI segemetation work\Sts_grain morphology_ML\Relevant files\harmonization_checkpoints\v001_video_pair_fapi_vs_fapi_tempo\raw_snapshot\FAPI_TEMPO\stable_v15_out_overlap03_poly_pad400\kinetics_tau0p3_events.csv,keep
F:\Sandy_data\AI segemetation work\Sts_grain morphology_ML\Relevant files\harmonization_checkpoints\v001_video_pair_fapi_vs_fapi_tempo\raw_snapshot\FAPI_TEMPO\stable_v15_out_overlap03_poly_pad400\kinetics_tau0p3_Nt.csv,keep
F:\Sandy_data\AI segemetation work\Sts_grain morphology_ML\Relevant files\harmonization_checkpoints\v001_video_pair_fapi_vs_fapi_tempo\raw_snapshot\FAPI_TEMPO\stable_v15_out_overlap03_poly_pad400\kinetics_tau0p3_rate.csv,keep
F:\Sandy_data\AI segemetation work\Sts_grain morphology_ML\Relevant files\harmonization_checkpoints\v001_video_pair_fapi_vs_fapi_tempo\scripts\build_checkpoint_manifest.py,keep
F:\Sandy_data\AI segemetation work\Sts_grain morphology_ML\Relevant files\harmonization_checkpoints\v001_video_pair_fapi_vs_fapi_tempo\scripts\compare_video_pair_harmonized.py,keep
F:\Sandy_data\AI segemetation work\Sts_grain morphology_ML\Relevant files\harmonization_checkpoints\v001_video_pair_fapi_vs_fapi_tempo\scripts\harmonize_video_pair_inputs.py,keep
F:\Sandy_data\AI segemetation work\Sts_grain morphology_ML\Relevant files\harmonization_checkpoints\v001_video_pair_fapi_vs_fapi_tempo\scripts\qc_giant_masks.py,keep
F:\Sandy_data\AI segemetation work\Sts_grain morphology_ML\Relevant files\harmonization_checkpoints\v001_video_pair_fapi_vs_fapi_tempo\scripts\harmonization_checkpoints\v001_video_pair_fapi_vs_fapi_tempo\harmonized_tables\FAPI\active_table_harmonized.csv,keep
F:\Sandy_data\AI segemetation work\Sts_grain morphology_ML\Relevant files\harmonization_checkpoints\v001_video_pair_fapi_vs_fapi_tempo\scripts\harmonization_checkpoints\v001_video_pair_fapi_vs_fapi_tempo\harmonized_tables\FAPI\qc_summary.csv,keep
F:\Sandy_data\AI segemetation work\Sts_grain morphology_ML\Relevant files\harmonization_checkpoints\v001_video_pair_fapi_vs_fapi_tempo\tau_recovery_debug\README_debug_summary.txt,keep
F:\Sandy_data\AI segemetation work\Sts_grain morphology_ML\Relevant files\harmonization_checkpoints\v001_video_pair_fapi_vs_fapi_tempo\tau_recovery_debug\csv\detected_schema_report.csv,keep
F:\Sandy_data\AI segemetation work\Sts_grain morphology_ML\Relevant files\harmonization_checkpoints\v001_video_pair_fapi_vs_fapi_tempo\tau_recovery_debug\csv\failure_mode_counts_failed_only.csv,keep
F:\Sandy_data\AI segemetation work\Sts_grain morphology_ML\Relevant files\harmonization_checkpoints\v001_video_pair_fapi_vs_fapi_tempo\tau_recovery_debug\csv\failure_mode_summary.csv,keep
F:\Sandy_data\AI segemetation work\Sts_grain morphology_ML\Relevant files\harmonization_checkpoints\v001_video_pair_fapi_vs_fapi_tempo\tau_recovery_debug\csv\recommended_adjustments.csv,keep
F:\Sandy_data\AI segemetation work\Sts_grain morphology_ML\Relevant files\harmonization_checkpoints\v001_video_pair_fapi_vs_fapi_tempo\tau_recovery_debug\csv\representative_failed_fit_plot_index.csv,keep
F:\Sandy_data\AI segemetation work\Sts_grain morphology_ML\Relevant files\harmonization_checkpoints\v001_video_pair_fapi_vs_fapi_tempo\tau_recovery_debug\csv\tracks_normalized_extract.csv,keep
F:\Sandy_data\AI segemetation work\Sts_grain morphology_ML\Relevant files\harmonization_checkpoints\v001_video_pair_fapi_vs_fapi_tempo\tau_recovery_debug\csv\warnings_normalized_extract.csv,keep
F:\Sandy_data\AI segemetation work\Sts_grain morphology_ML\Relevant files\harmonization_checkpoints\v001_video_pair_fapi_vs_fapi_tempo\tau_recovery_debug\failed_fit_plots_by_mode\fit_status_insufficient_growth_dynamic\01_track_813.png,keep
F:\Sandy_data\AI segemetation work\Sts_grain morphology_ML\Relevant files\harmonization_checkpoints\v001_video_pair_fapi_vs_fapi_tempo\tau_recovery_debug\failed_fit_plots_by_mode\fit_status_insufficient_growth_dynamic\02_track_748.png,keep
F:\Sandy_data\AI segemetation work\Sts_grain morphology_ML\Relevant files\harmonization_checkpoints\v001_video_pair_fapi_vs_fapi_tempo\tau_recovery_debug\failed_fit_plots_by_mode\fit_status_insufficient_growth_dynamic\03_track_857.png,keep
F:\Sandy_data\AI segemetation work\Sts_grain morphology_ML\Relevant files\harmonization_checkpoints\v001_video_pair_fapi_vs_fapi_tempo\tau_recovery_debug\failed_fit_plots_by_mode\fit_status_insufficient_growth_dynamic\04_track_483.png,keep
F:\Sandy_data\AI segemetation work\Sts_grain morphology_ML\Relevant files\harmonization_checkpoints\v001_video_pair_fapi_vs_fapi_tempo\tau_recovery_debug\failed_fit_plots_by_mode\fit_status_insufficient_growth_dynamic\05_track_253.png,keep
F:\Sandy_data\AI segemetation work\Sts_grain morphology_ML\Relevant files\harmonization_checkpoints\v001_video_pair_fapi_vs_fapi_tempo\tau_recovery_debug\failed_fit_plots_by_mode\fit_status_insufficient_growth_dynamic\06_track_227.png,keep
F:\Sandy_data\AI segemetation work\Sts_grain morphology_ML\Relevant files\harmonization_checkpoints\v001_video_pair_fapi_vs_fapi_tempo\tau_recovery_debug\failed_fit_plots_by_mode\fit_status_insufficient_growth_dynamic\07_track_820.png,keep
F:\Sandy_data\AI segemetation work\Sts_grain morphology_ML\Relevant files\harmonization_checkpoints\v001_video_pair_fapi_vs_fapi_tempo\tau_recovery_debug\failed_fit_plots_by_mode\fit_status_insufficient_growth_dynamic\08_track_387.png,keep
F:\Sandy_data\AI segemetation work\Sts_grain morphology_ML\Relevant files\harmonization_checkpoints\v001_video_pair_fapi_vs_fapi_tempo\tau_recovery_debug\failed_fit_plots_by_mode\fit_status_insufficient_growth_dynamic\09_track_441.png,keep
F:\Sandy_data\AI segemetation work\Sts_grain morphology_ML\Relevant files\harmonization_checkpoints\v001_video_pair_fapi_vs_fapi_tempo\tau_recovery_debug\failed_fit_plots_by_mode\fit_status_insufficient_growth_dynamic\10_track_354.png,keep
F:\Sandy_data\AI segemetation work\Sts_grain morphology_ML\Relevant files\harmonization_checkpoints\v001_video_pair_fapi_vs_fapi_tempo\tau_recovery_debug\failed_fit_plots_by_mode\fit_status_insufficient_growth_dynamic\11_track_1.png,keep
F:\Sandy_data\AI segemetation work\Sts_grain morphology_ML\Relevant files\harmonization_checkpoints\v001_video_pair_fapi_vs_fapi_tempo\tau_recovery_debug\failed_fit_plots_by_mode\fit_status_insufficient_growth_dynamic\12_track_910.png,keep
F:\Sandy_data\AI segemetation work\Sts_grain morphology_ML\Relevant files\harmonization_checkpoints\v001_video_pair_fapi_vs_fapi_tempo\tau_recovery_debug\failed_fit_plots_by_mode\fit_status_too_few_points\01_track_461.png,keep
F:\Sandy_data\AI segemetation work\Sts_grain morphology_ML\Relevant files\harmonization_checkpoints\v001_video_pair_fapi_vs_fapi_tempo\tau_recovery_debug\failed_fit_plots_by_mode\fit_status_too_few_points\02_track_486.png,keep
F:\Sandy_data\AI segemetation work\Sts_grain morphology_ML\Relevant files\harmonization_checkpoints\v001_video_pair_fapi_vs_fapi_tempo\tau_recovery_debug\failed_fit_plots_by_mode\fit_status_too_few_points\03_track_887.png,keep
F:\Sandy_data\AI segemetation work\Sts_grain morphology_ML\Relevant files\harmonization_checkpoints\v001_video_pair_fapi_vs_fapi_tempo\tau_recovery_debug\failed_fit_plots_by_mode\fit_status_too_few_points\04_track_704.png,keep
F:\Sandy_data\AI segemetation work\Sts_grain morphology_ML\Relevant files\harmonization_checkpoints\v001_video_pair_fapi_vs_fapi_tempo\tau_recovery_debug\failed_fit_plots_by_mode\fit_status_too_few_points\05_track_67.png,keep
F:\Sandy_data\AI segemetation work\Sts_grain morphology_ML\Relevant files\harmonization_checkpoints\v001_video_pair_fapi_vs_fapi_tempo\tau_recovery_debug\failed_fit_plots_by_mode\fit_status_too_few_points\06_track_909.png,keep
F:\Sandy_data\AI segemetation work\Sts_grain morphology_ML\Relevant files\harmonization_checkpoints\v001_video_pair_fapi_vs_fapi_tempo\tau_recovery_debug\failed_fit_plots_by_mode\fit_status_too_few_points\07_track_939.png,keep
F:\Sandy_data\AI segemetation work\Sts_grain morphology_ML\Relevant files\harmonization_checkpoints\v001_video_pair_fapi_vs_fapi_tempo\tau_recovery_debug\failed_fit_plots_by_mode\fit_status_too_few_points\08_track_924.png,keep
F:\Sandy_data\AI segemetation work\Sts_grain morphology_ML\Relevant files\harmonization_checkpoints\v001_video_pair_fapi_vs_fapi_tempo\tau_recovery_debug\failed_fit_plots_by_mode\fit_status_too_few_points\09_track_795.png,keep
F:\Sandy_data\AI segemetation work\Sts_grain morphology_ML\Relevant files\harmonization_checkpoints\v001_video_pair_fapi_vs_fapi_tempo\tau_recovery_debug\failed_fit_plots_by_mode\fit_status_too_few_points\10_track_500.png,keep
F:\Sandy_data\AI segemetation work\Sts_grain morphology_ML\Relevant files\harmonization_checkpoints\v001_video_pair_fapi_vs_fapi_tempo\tau_recovery_debug\failed_fit_plots_by_mode\fit_status_too_few_points\11_track_946.png,keep
F:\Sandy_data\AI segemetation work\Sts_grain morphology_ML\Relevant files\harmonization_checkpoints\v001_video_pair_fapi_vs_fapi_tempo\tau_recovery_debug\failed_fit_plots_by_mode\fit_status_too_few_points\12_track_300.png,keep
F:\Sandy_data\AI segemetation work\Sts_grain morphology_ML\Relevant files\harmonization_checkpoints\v001_video_pair_fapi_vs_fapi_tempo\tau_recovery_debug\failed_fit_plots_by_mode\unspecified\01_track_631.png,keep
F:\Sandy_data\AI segemetation work\Sts_grain morphology_ML\Relevant files\harmonization_checkpoints\v001_video_pair_fapi_vs_fapi_tempo\tau_recovery_debug\failed_fit_plots_by_mode\unspecified\02_track_133.png,keep
F:\Sandy_data\AI segemetation work\Sts_grain morphology_ML\Relevant files\harmonization_checkpoints\v001_video_pair_fapi_vs_fapi_tempo\tau_recovery_debug\failed_fit_plots_by_mode\unspecified\03_track_80.png,keep
F:\Sandy_data\AI segemetation work\Sts_grain morphology_ML\Relevant files\harmonization_checkpoints\v001_video_pair_fapi_vs_fapi_tempo\tau_recovery_debug\failed_fit_plots_by_mode\unspecified\04_track_71.png,keep
F:\Sandy_data\AI segemetation work\Sts_grain morphology_ML\Relevant files\harmonization_checkpoints\v001_video_pair_fapi_vs_fapi_tempo\tau_recovery_debug\failed_fit_plots_by_mode\unspecified\05_track_737.png,keep
F:\Sandy_data\AI segemetation work\Sts_grain morphology_ML\Relevant files\harmonization_checkpoints\v001_video_pair_fapi_vs_fapi_tempo\tau_recovery_debug\failed_fit_plots_by_mode\unspecified\06_track_58.png,keep
F:\Sandy_data\AI segemetation work\Sts_grain morphology_ML\Relevant files\harmonization_checkpoints\v001_video_pair_fapi_vs_fapi_tempo\tau_recovery_debug\failed_fit_plots_by_mode\unspecified\07_track_800.png,keep
F:\Sandy_data\AI segemetation work\Sts_grain morphology_ML\Relevant files\harmonization_checkpoints\v001_video_pair_fapi_vs_fapi_tempo\tau_recovery_debug\failed_fit_plots_by_mode\unspecified\08_track_105.png,keep
F:\Sandy_data\AI segemetation work\Sts_grain morphology_ML\Relevant files\harmonization_checkpoints\v001_video_pair_fapi_vs_fapi_tempo\tau_recovery_debug\failed_fit_plots_by_mode\unspecified\09_track_685.png,keep
F:\Sandy_data\AI segemetation work\Sts_grain morphology_ML\Relevant files\harmonization_checkpoints\v001_video_pair_fapi_vs_fapi_tempo\tau_recovery_debug\failed_fit_plots_by_mode\unspecified\10_track_108.png,keep
F:\Sandy_data\AI segemetation work\Sts_grain morphology_ML\Relevant files\harmonization_checkpoints\v001_video_pair_fapi_vs_fapi_tempo\tau_recovery_debug\failed_fit_plots_by_mode\unspecified\11_track_599.png,keep
F:\Sandy_data\AI segemetation work\Sts_grain morphology_ML\Relevant files\harmonization_checkpoints\v001_video_pair_fapi_vs_fapi_tempo\tau_recovery_debug\failed_fit_plots_by_mode\unspecified\12_track_228.png,keep
F:\Sandy_data\AI segemetation work\Sts_grain morphology_ML\Relevant files\harmonization_checkpoints\v001_video_pair_fapi_vs_fapi_tempo\tau_recovery_debug\png\tau_recovery_diagnostic_histograms.png,keep
F:\Sandy_data\AI segemetation work\Sts_grain morphology_ML\Relevant files\Scripts\crystal_metrics 1.csv,keep
F:\Sandy_data\AI segemetation work\Sts_grain morphology_ML\Relevant files\Scripts\crystal_metrics.csv,keep
F:\Sandy_data\AI segemetation work\Sts_grain morphology_ML\Relevant files\Scripts\Figure kinetics\merge_anisotropy_and_metrics.py,keep
F:\Sandy_data\AI segemetation work\Sts_grain morphology_ML\Relevant files\Scripts\Figure kinetics\morpho_kinetics_from_crystal_metrics.py,keep
F:\Sandy_data\AI segemetation work\Sts_grain morphology_ML\Relevant files\Scripts\Figure kinetics\plot_combined_X_and_growth.py,keep
F:\Sandy_data\AI segemetation work\Sts_grain morphology_ML\Relevant files\Scripts\Figure kinetics\plot_dn_dt_small.py,keep
F:\Sandy_data\AI segemetation work\Sts_grain morphology_ML\Relevant files\Scripts\Figure kinetics\readme anisotropy.txt,keep
F:\Sandy_data\AI segemetation work\Sts_grain morphology_ML\Relevant files\Scripts\Figure kinetics\readme kinetics metrics.txt,keep
F:\Sandy_data\AI segemetation work\Sts_grain morphology_ML\Relevant files\Scripts\Figure psatial descitptors\intragrain_radial_master.py,keep
F:\Sandy_data\AI segemetation work\Sts_grain morphology_ML\Relevant files\Scripts\Figure psatial descitptors\plot_canonical_grain.py,keep
